symbol,genome_id,entryDay,entryPrice,exitDay,exitPrice,profit,Profit %,Invested
66,G_000,2009-03-18,9.789,2010-02-10,14.956,5278.0,52.78,10000.0
66,G_000,2010-03-02,15.235,2010-05-10,15.356,80.0,0.8,10000.0
66,G_000,2010-09-08,16.315,2010-11-24,16.173,-87.0,-0.87,10000.0
66,G_000,2011-03-09,16.883,2011-05-09,16.170,-422.0,-4.22,10000.0
66,G_000,2011-06-01,16.604,2011-06-14,15.708,-539.0,-5.39,10000.0
66,G_000,2012-03-01,16.091,2012-05-10,15.796,-183.0,-1.83,10000.0
66,G_000,2012-10-25,18.035,2013-03-18,18.364,183.0,1.83,10000.0
66,G_000,2014-06-05,18.617,2015-07-09,22.331,1995.0,19.95,10000.0
66,G_000,2015-12-23,24.321,2016-01-22,22.952,-563.0,-5.63,10000.0
66,G_000,2016-02-25,24.223,2016-11-21,27.713,1441.0,14.41,10000.0
66,G_000,2017-03-30,30.911,2017-09-06,34.769,1248.0,12.48,10000.0
66,G_000,2017-09-12,35.378,2017-11-17,34.541,-237.0,-2.37,10000.0
66,G_000,2017-12-01,34.997,2018-02-05,33.476,-435.0,-4.35,10000.0
66,G_000,2018-08-01,34.007,2018-08-09,31.990,-593.0,-5.93,10000.0
66,G_000,2019-02-12,34.221,,Open position,205.0,2.05,10000.0
4,G_000,2009-03-24,3.599,2010-05-20,7.385,10522.0,105.22,10000.0
4,G_000,2010-06-22,8.373,2010-08-26,8.454,97.0,0.97,10000.0
4,G_000,2010-09-07,8.972,2011-04-28,12.435,3859.0,38.59,10000.0
4,G_000,2011-07-11,11.735,2011-08-10,10.711,-873.0,-8.73,10000.0
4,G_000,2012-02-02,9.627,2012-04-11,8.917,-737.0,-7.37,10000.0
4,G_000,2012-04-27,9.896,2012-05-17,9.015,-890.0,-8.9,10000.0
4,G_000,2012-06-12,9.408,2013-07-23,14.692,5616.0,56.16,10000.0
4,G_000,2013-09-23,15.944,2013-11-06,14.441,-943.0,-9.43,10000.0
4,G_000,2014-07-24,13.714,2014-09-29,13.244,-343.0,-3.43,10000.0
4,G_000,2015-01-05,13.209,2015-03-12,12.521,-520.0,-5.2,10000.0
4,G_000,2016-06-10,11.495,2017-09-22,18.393,6001.0,60.01,10000.0
4,G_000,2018-06-19,22.419,2018-08-13,20.576,-822.0,-8.22,10000.0
4,G_000,2019-01-28,19.981,,Open position,1106.0,11.06,10000.0
3,G_000,2009-03-26,2.568,2010-02-04,3.707,4437.0,44.37,10000.0
3,G_000,2010-06-24,4.723,2010-08-30,4.601,-259.0,-2.59,10000.0
3,G_000,2010-09-07,4.767,2010-11-12,4.683,-176.0,-1.76,10000.0
3,G_000,2011-07-05,4.917,2011-08-10,4.660,-524.0,-5.24,10000.0
3,G_000,2012-01-09,5.043,2012-05-17,5.065,44.0,0.44,10000.0
3,G_000,2012-09-20,6.014,2013-06-14,6.388,622.0,6.22,10000.0
3,G_000,2014-07-03,6.708,2014-09-23,6.770,92.0,0.92,10000.0
3,G_000,2015-03-27,7.013,2015-06-10,7.042,42.0,0.42,10000.0
3,G_000,2016-05-31,6.527,2016-12-23,6.733,315.0,3.15,10000.0
3,G_000,2017-03-28,7.654,2017-09-26,8.160,661.0,6.61,10000.0
3,G_000,2017-12-01,8.572,2018-02-08,8.294,-325.0,-3.25,10000.0
1,G_000,2009-10-21,30.239,2009-11-06,27.323,-964.0,-9.64,10000.0
1,G_000,2009-12-04,28.229,2010-01-29,26.204,-717.0,-7.17,10000.0
1,G_000,2010-03-02,27.436,2010-05-10,26.148,-470.0,-4.7,10000.0
1,G_000,2011-06-01,36.190,2011-06-21,32.797,-938.0,-9.38,10000.0
1,G_000,2011-07-29,35.417,2011-08-09,30.952,-1261.0,-12.61,10000.0
1,G_000,2012-01-13,28.870,2012-04-12,29.020,52.0,0.52,10000.0
1,G_000,2012-07-03,29.375,2013-05-15,36.090,2286.0,22.86,10000.0
1,G_000,2014-02-28,38.710,2014-11-19,47.751,2336.0,23.36,10000.0
1,G_000,2015-10-16,69.076,2015-11-16,64.518,-660.0,-6.6,10000.0
1,G_000,2016-03-07,63.426,2016-04-20,62.303,-177.0,-1.77,10000.0
1,G_000,2017-02-28,63.812,2017-11-07,67.142,522.0,5.22,10000.0
5,G_000,2009-07-20,29.028,2010-03-11,34.892,2020.0,20.2,10000.0
5,G_000,2010-04-16,36.480,2010-04-29,34.176,-632.0,-6.32,10000.0
5,G_000,2010-11-08,37.844,2010-11-18,35.922,-508.0,-5.08,10000.0
5,G_000,2011-01-13,38.480,2011-03-18,35.269,-834.0,-8.34,10000.0
5,G_000,2012-02-03,30.740,2012-04-12,31.046,100.0,1.0,10000.0
5,G_000,2012-05-02,33.197,2012-05-18,29.759,-1036.0,-10.36,10000.0
5,G_000,2012-06-18,31.932,2012-07-25,28.979,-925.0,-9.25,10000.0
5,G_000,2012-10-05,35.548,2013-09-11,42.866,2059.0,20.59,10000.0
5,G_000,2013-10-31,42.781,2013-12-17,41.624,-270.0,-2.7,10000.0
5,G_000,2014-01-09,43.082,2014-02-04,39.662,-794.0,-7.94,10000.0
5,G_000,2014-09-01,43.596,2014-10-03,40.698,-665.0,-6.65,10000.0
5,G_000,2016-08-04,30.674,2017-11-06,48.119,5687.0,56.87,10000.0
5,G_000,2017-12-04,49.426,2018-03-06,49.826,81.0,0.81,10000.0
11,G_000,2009-07-28,55.309,2009-09-30,52.521,-504.0,-5.04,10000.0
11,G_000,2009-11-09,54.271,2010-01-14,54.263,-2.0,-0.02,10000.0
11,G_000,2011-05-20,63.260,2011-07-27,62.850,-65.0,-0.65,10000.0
11,G_000,2012-02-29,57.096,2012-05-09,56.619,-84.0,-0.84,10000.0
11,G_000,2012-06-18,56.951,2013-06-10,67.221,1803.0,18.03,10000.0
11,G_000,2013-10-16,72.635,2013-12-19,70.857,-245.0,-2.45,10000.0
11,G_000,2014-02-26,72.116,2014-05-09,72.541,59.0,0.59,10000.0
11,G_000,2014-08-26,78.652,2014-09-30,74.444,-535.0,-5.35,10000.0
11,G_000,2015-12-18,90.448,2016-01-08,85.913,-501.0,-5.01,10000.0
11,G_000,2016-06-02,90.944,2016-06-17,85.729,-573.0,-5.73,10000.0
11,G_000,2016-10-07,92.467,2018-01-05,132.503,4330.0,43.3,10000.0
38,G_000,2009-04-16,1.387,2010-05-07,3.322,13954.0,139.54,10000.0
38,G_000,2010-07-13,3.380,2011-06-13,6.541,9350.0,93.5,10000.0
38,G_000,2011-07-18,7.576,2011-08-08,6.115,-1928.0,-19.28,10000.0
38,G_000,2012-01-30,6.027,2012-04-03,5.543,-804.0,-8.04,10000.0
38,G_000,2012-08-08,4.772,2012-09-05,4.126,-1354.0,-13.54,10000.0
38,G_000,2012-10-10,4.603,2013-04-03,4.625,48.0,0.48,10000.0
38,G_000,2013-10-22,4.438,2013-12-31,4.430,-17.0,-0.17,10000.0
38,G_000,2014-04-11,4.069,2014-04-29,3.398,-1648.0,-16.48,10000.0
38,G_000,2015-03-31,4.366,2015-07-03,4.405,90.0,0.9,10000.0
38,G_000,2015-10-19,3.995,2015-12-23,3.872,-309.0,-3.09,10000.0
38,G_000,2016-08-17,3.349,2016-11-01,3.411,187.0,1.87,10000.0
144,G_000,2009-03-17,6.418,2009-11-25,11.118,7323.0,73.23,10000.0
144,G_000,2010-01-04,10.988,2010-05-06,11.315,298.0,2.98,10000.0
144,G_000,2010-06-24,11.586,2010-08-30,11.608,19.0,0.19,10000.0
144,G_000,2010-11-08,13.536,2011-02-25,13.982,329.0,3.29,10000.0
144,G_000,2011-04-15,15.896,2011-06-10,13.673,-1398.0,-13.98,10000.0
144,G_000,2012-01-05,11.069,2012-04-12,11.092,21.0,0.21,10000.0
144,G_000,2012-07-05,11.583,2012-09-07,10.606,-844.0,-8.44,10000.0
144,G_000,2012-10-18,12.217,2012-11-22,11.062,-945.0,-9.45,10000.0
144,G_000,2014-02-28,13.608,2014-04-29,12.272,-982.0,-9.82,10000.0
144,G_000,2014-07-16,13.165,2014-09-19,12.760,-308.0,-3.08,10000.0
144,G_000,2014-11-05,12.952,2015-07-09,13.371,324.0,3.24,10000.0
144,G_000,2016-07-21,11.825,2016-09-27,11.346,-405.0,-4.05,10000.0
144,G_000,2017-04-13,12.405,2017-06-23,12.181,-180.0,-1.8,10000.0
144,G_000,2019-02-22,10.489,,Open position,190.0,1.9,10000.0
270,G_000,2009-04-08,1.553,2009-11-23,2.082,3408.0,34.08,10000.0
270,G_000,2010-01-04,2.227,2010-01-25,1.888,-1522.0,-15.22,10000.0
270,G_000,2010-09-24,1.988,2010-11-30,1.993,21.0,0.21,10000.0
270,G_000,2011-01-04,2.107,2011-03-11,1.993,-544.0,-5.44,10000.0
270,G_000,2011-06-15,2.136,2011-08-22,2.120,-72.0,-0.72,10000.0
270,G_000,2012-02-20,2.544,2013-06-07,3.588,4103.0,41.03,10000.0
270,G_000,2013-10-08,3.808,2014-02-05,3.952,377.0,3.77,10000.0
270,G_000,2014-07-23,5.342,2014-09-26,5.164,-334.0,-3.34,10000.0
270,G_000,2015-04-02,5.999,2015-06-12,5.997,-3.0,-0.03,10000.0
270,G_000,2015-12-21,6.486,2016-01-12,5.697,-1216.0,-12.16,10000.0
270,G_000,2016-06-02,6.638,2016-10-18,6.813,263.0,2.63,10000.0
270,G_000,2017-04-05,6.969,2017-06-15,6.692,-398.0,-3.98,10000.0
270,G_000,2017-07-14,7.103,2017-08-15,6.768,-471.0,-4.71,10000.0
270,G_000,2017-08-31,7.251,2017-11-07,7.157,-130.0,-1.3,10000.0
270,G_000,2018-11-19,9.429,2019-03-06,0.000,0.0,0.0,10000.0
179,G_000,2009-03-26,4.295,2010-01-08,8.858,10625.0,106.25,10000.0
179,G_000,2010-01-12,8.992,2010-05-24,9.395,448.0,4.48,10000.0
179,G_000,2010-08-05,10.677,2011-03-18,11.747,1003.0,10.03,10000.0
179,G_000,2011-06-02,14.102,2011-07-21,12.579,-1080.0,-10.8,10000.0
179,G_000,2011-12-09,11.914,2012-07-16,12.805,747.0,7.47,10000.0
179,G_000,2013-01-14,16.242,2013-01-30,15.017,-754.0,-7.54,10000.0
179,G_000,2014-04-25,22.315,2014-05-19,18.911,-1525.0,-15.25,10000.0
179,G_000,2014-11-19,21.664,2015-01-27,20.888,-358.0,-3.58,10000.0
179,G_000,2015-10-30,21.160,2015-11-11,19.341,-860.0,-8.6,10000.0
179,G_000,2016-11-17,16.225,2017-01-25,15.847,-233.0,-2.33,10000.0
179,G_000,2017-02-10,16.536,2018-02-12,23.376,4137.0,41.37,10000.0
135,G_000,2009-03-20,1.241,2010-05-14,4.373,25234.0,252.34,10000.0
135,G_000,2010-09-14,4.603,2010-11-19,4.382,-480.0,-4.8,10000.0
135,G_000,2011-03-22,5.478,2011-06-21,5.552,136.0,1.36,10000.0
135,G_000,2012-01-16,5.142,2012-07-25,5.508,712.0,7.12,10000.0
135,G_000,2012-08-22,5.917,2013-05-22,7.116,2028.0,20.28,10000.0
135,G_000,2014-06-16,6.012,2014-08-20,6.012,-0.0,-0.0,10000.0
135,G_000,2015-04-09,3.969,2015-06-16,3.812,-397.0,-3.97,10000.0
135,G_000,2016-03-07,2.965,2016-05-16,2.863,-341.0,-3.41,10000.0
135,G_000,2016-06-08,3.233,2016-07-15,2.863,-1143.0,-11.43,10000.0
135,G_000,2016-10-06,2.999,2016-11-15,2.737,-875.0,-8.75,10000.0
135,G_000,2017-01-11,2.917,2017-08-02,3.824,3111.0,31.11,10000.0
135,G_000,2018-05-21,3.573,2018-07-27,3.435,-387.0,-3.87,10000.0
135,G_000,2018-08-08,3.710,2019-02-13,4.103,1058.0,10.58,10000.0
135,G_000,2019-02-25,4.551,,Open position,146.0,1.46,10000.0
152,G_000,2009-03-24,1.365,2009-11-27,2.435,7841.0,78.41,10000.0
152,G_000,2010-01-08,2.641,2010-03-17,2.559,-312.0,-3.12,10000.0
152,G_000,2010-03-18,2.641,2010-05-19,2.272,-1397.0,-13.97,10000.0
152,G_000,2011-02-10,3.130,2011-02-25,2.830,-959.0,-9.59,10000.0
152,G_000,2011-04-20,3.001,2011-06-21,2.636,-1215.0,-12.15,10000.0
152,G_000,2012-01-20,2.368,2012-03-29,2.234,-566.0,-5.66,10000.0
152,G_000,2012-08-08,2.433,2013-01-25,5.010,10588.0,105.88,10000.0
152,G_000,2013-07-26,5.086,2013-10-03,4.641,-874.0,-8.74,10000.0
152,G_000,2013-12-02,4.888,2014-02-12,4.839,-101.0,-1.01,10000.0
152,G_000,2014-08-18,5.355,2015-01-20,5.706,655.0,6.55,10000.0
152,G_000,2015-03-24,5.922,2015-07-08,5.706,-365.0,-3.65,10000.0
152,G_000,2015-11-24,7.061,2016-02-03,6.432,-891.0,-8.91,10000.0
152,G_000,2017-03-17,6.542,2018-06-29,9.465,4468.0,44.68,10000.0
152,G_000,2019-02-27,9.953,,Open position,-221.0,-2.21,10000.0
107,G_000,2009-03-24,0.656,2009-11-13,1.623,14728.0,147.28,10000.0
107,G_000,2010-06-15,2.096,2011-03-03,2.494,1897.0,18.97,10000.0
107,G_000,2011-03-07,2.528,2011-05-04,2.322,-818.0,-8.18,10000.0
107,G_000,2012-01-30,1.705,2012-03-29,1.499,-1206.0,-12.06,10000.0
107,G_000,2012-06-18,1.592,2012-06-25,1.378,-1344.0,-13.44,10000.0
107,G_000,2012-12-17,1.388,2013-02-27,1.399,75.0,0.75,10000.0
107,G_000,2013-05-10,1.346,2013-06-13,1.213,-989.0,-9.89,10000.0
107,G_000,2013-12-05,1.322,2013-12-23,1.208,-864.0,-8.64,10000.0
107,G_000,2015-03-31,1.834,2015-07-03,1.887,289.0,2.89,10000.0
107,G_000,2015-12-22,1.602,2016-01-15,1.421,-1127.0,-11.27,10000.0
107,G_000,2016-06-06,1.593,2017-06-06,1.997,2538.0,25.38,10000.0
107,G_000,2019-02-27,1.746,,Open position,-75.0,-0.75,10000.0
148,G_000,2009-03-20,5.614,2010-05-24,13.772,14530.0,145.3,10000.0
148,G_000,2010-08-24,14.593,2010-10-29,14.696,70.0,0.7,10000.0
148,G_000,2010-11-11,16.518,2011-02-10,16.240,-168.0,-1.68,10000.0
148,G_000,2012-01-26,10.841,2012-03-30,10.678,-150.0,-1.5,10000.0
148,G_000,2012-10-18,9.689,2013-02-18,10.146,472.0,4.72,10000.0
148,G_000,2013-08-19,9.266,2013-08-29,8.411,-923.0,-9.23,10000.0
148,G_000,2013-09-16,9.677,2014-01-07,9.997,332.0,3.32,10000.0
148,G_000,2014-06-23,8.536,2014-08-27,8.547,12.0,0.12,10000.0
148,G_000,2014-09-04,8.631,2014-10-21,8.078,-640.0,-6.4,10000.0
148,G_000,2015-12-24,6.630,2016-02-15,6.232,-600.0,-6.0,10000.0
148,G_000,2016-03-22,6.840,2018-01-24,27.831,30689.0,306.89,10000.0
285,G_000,2009-03-19,2.351,2009-09-10,3.493,4857.0,48.57,10000.0
285,G_000,2009-10-14,3.921,2009-11-12,5.324,3576.0,35.76,10000.0
285,G_000,2010-03-12,5.962,2010-04-15,5.139,-1380.0,-13.8,10000.0
285,G_000,2011-01-05,3.591,2011-04-27,3.838,689.0,6.89,10000.0
285,G_000,2012-01-18,2.269,2012-03-27,2.073,-865.0,-8.65,10000.0
285,G_000,2013-10-08,3.436,2014-01-13,3.400,-103.0,-1.03,10000.0
285,G_000,2014-05-29,4.475,2015-01-29,7.395,6526.0,65.26,10000.0
285,G_000,2015-03-02,7.705,2015-07-06,8.830,1460.0,14.6,10000.0
285,G_000,2016-06-07,4.074,2017-11-22,18.509,35431.0,354.31,10000.0
285,G_000,2019-02-13,9.619,,Open position,365.0,3.65,10000.0
303,G_000,2009-04-15,10.258,2010-05-26,22.173,11616.0,116.16,10000.0
303,G_000,2010-09-17,27.307,2010-11-24,27.307,0.0,0.0,10000.0
303,G_000,2010-12-06,29.305,2011-02-11,28.554,-256.0,-2.56,10000.0
303,G_000,2011-05-26,31.241,2011-08-08,31.192,-16.0,-0.16,10000.0
303,G_000,2012-02-20,31.124,2012-04-27,31.504,122.0,1.22,10000.0
303,G_000,2012-07-06,34.454,2012-10-18,35.059,176.0,1.76,10000.0
303,G_000,2013-03-12,35.312,2013-11-21,42.296,1978.0,19.78,10000.0
303,G_000,2014-03-25,41.093,2014-07-09,41.664,139.0,1.39,10000.0
303,G_000,2014-11-04,42.414,2015-04-21,46.973,1075.0,10.75,10000.0
303,G_000,2016-07-22,40.974,2016-09-29,41.092,29.0,0.29,10000.0
303,G_000,2016-10-04,42.273,2017-02-09,43.472,284.0,2.84,10000.0
293,G_000,2009-07-29,7.430,2009-10-05,7.010,-565.0,-5.65,10000.0
293,G_000,2009-10-12,7.887,2010-01-25,7.887,-0.0,-0.0,10000.0
293,G_000,2010-03-08,8.883,2010-05-26,8.756,-143.0,-1.43,10000.0
293,G_000,2010-07-23,10.085,2011-02-23,10.888,797.0,7.97,10000.0
293,G_000,2012-01-13,9.062,2012-04-05,9.175,125.0,1.25,10000.0
293,G_000,2012-07-09,8.685,2012-09-11,8.287,-458.0,-4.58,10000.0
293,G_000,2012-10-09,8.777,2013-03-19,9.215,498.0,4.98,10000.0
293,G_000,2013-09-19,9.982,2014-02-06,10.062,81.0,0.81,10000.0
293,G_000,2015-04-02,12.605,2015-06-12,12.742,109.0,1.09,10000.0
293,G_000,2017-02-09,8.036,2017-04-19,7.906,-162.0,-1.62,10000.0
293,G_000,2017-10-16,9.294,2017-11-17,8.557,-793.0,-7.93,10000.0
336,G_000,2009-03-12,3.026,2009-11-10,4.399,4535.0,45.35,10000.0
336,G_000,2009-11-17,4.606,2010-01-22,4.227,-822.0,-8.22,10000.0
336,G_000,2010-03-09,4.614,2010-05-19,4.609,-11.0,-0.11,10000.0
336,G_000,2011-01-03,7.005,2011-02-11,5.450,-2219.0,-22.19,10000.0
336,G_000,2011-03-24,6.669,2011-06-03,5.643,-1538.0,-15.38,10000.0
336,G_000,2012-12-24,2.255,2013-03-11,2.284,129.0,1.29,10000.0
336,G_000,2013-10-15,2.093,2014-03-11,2.168,356.0,3.56,10000.0
336,G_000,2014-06-10,2.389,2015-03-25,3.856,6138.0,61.38,10000.0
336,G_000,2016-01-22,1.998,2016-04-05,1.972,-134.0,-1.34,10000.0
336,G_000,2016-04-29,2.039,2016-07-07,1.858,-888.0,-8.88,10000.0
336,G_000,2016-08-29,2.039,2016-11-04,1.891,-724.0,-7.24,10000.0
336,G_000,2016-11-18,2.032,2017-09-13,3.179,5645.0,56.45,10000.0
336,G_000,2018-01-04,3.747,2018-03-16,3.862,308.0,3.08,10000.0
336,G_000,2018-06-01,3.732,2018-07-11,3.271,-1236.0,-12.36,10000.0
322,G_000,2009-05-05,5.462,2010-05-24,8.890,6277.0,62.77,10000.0
322,G_000,2010-09-29,12.042,2010-10-18,11.034,-837.0,-8.37,10000.0
322,G_000,2011-03-28,11.622,2011-04-04,10.474,-988.0,-9.88,10000.0
322,G_000,2011-05-03,11.650,2011-09-26,12.298,556.0,5.56,10000.0
322,G_000,2012-03-14,13.831,2012-03-27,12.042,-1294.0,-12.94,10000.0
322,G_000,2012-08-21,12.403,2012-11-23,12.403,0.0,0.0,10000.0
322,G_000,2013-01-31,12.980,2013-03-19,11.249,-1333.0,-13.33,10000.0
322,G_000,2014-02-28,12.707,2014-05-09,12.590,-92.0,-0.92,10000.0
322,G_000,2014-08-14,13.643,2014-09-16,12.577,-781.0,-7.81,10000.0
322,G_000,2017-03-24,5.678,2017-06-15,5.752,131.0,1.31,10000.0
322,G_000,2017-08-01,6.230,2018-08-31,8.966,4391.0,43.91,10000.0
291,G_000,2009-03-27,4.531,2010-05-10,9.562,11102.0,111.02,10000.0
291,G_000,2010-06-04,10.777,2011-01-18,11.969,1107.0,11.07,10000.0
291,G_000,2011-06-30,12.533,2011-09-05,12.238,-236.0,-2.36,10000.0
291,G_000,2012-03-06,11.413,2012-04-02,10.660,-660.0,-6.6,10000.0
291,G_000,2012-05-07,11.493,2012-05-17,10.462,-897.0,-8.97,10000.0
291,G_000,2012-11-27,11.005,2013-02-04,11.146,128.0,1.28,10000.0
291,G_000,2013-10-15,10.538,2013-12-18,10.558,19.0,0.19,10000.0
291,G_000,2014-07-25,9.290,2014-09-01,8.591,-752.0,-7.52,10000.0
291,G_000,2015-09-16,10.365,2016-01-22,10.548,176.0,1.76,10000.0
291,G_000,2016-06-06,14.288,2016-07-07,13.100,-831.0,-8.31,10000.0
291,G_000,2016-07-13,13.935,2016-11-07,14.187,181.0,1.81,10000.0
308,G_000,2009-03-24,1.028,2009-09-01,1.129,991.0,9.91,10000.0
308,G_000,2009-11-04,1.314,2010-04-29,1.439,955.0,9.55,10000.0
308,G_000,2012-01-13,1.040,2012-05-17,1.060,196.0,1.96,10000.0
308,G_000,2012-06-18,1.144,2012-08-02,1.091,-470.0,-4.7,10000.0
308,G_000,2012-10-12,1.115,2013-04-08,1.123,70.0,0.7,10000.0
308,G_000,2013-09-04,1.193,2014-01-21,1.201,67.0,0.67,10000.0
308,G_000,2014-07-15,1.347,2015-03-11,2.160,6034.0,60.34,10000.0
308,G_000,2015-04-08,2.582,2015-07-07,2.444,-535.0,-5.35,10000.0
308,G_000,2015-09-22,2.631,2015-12-11,2.701,267.0,2.67,10000.0
308,G_000,2016-11-29,2.058,2016-12-28,1.904,-746.0,-7.46,10000.0
308,G_000,2017-07-21,2.131,2017-12-07,2.283,715.0,7.15,10000.0
308,G_000,2018-05-15,2.891,2018-07-23,2.907,59.0,0.59,10000.0
2,G_000,2010-01-06,27.433,2011-03-18,33.650,2266.0,22.66,10000.0
2,G_000,2012-03-01,38.298,2012-05-10,37.813,-127.0,-1.27,10000.0
2,G_000,2012-06-20,37.527,2012-08-24,37.469,-15.0,-0.15,10000.0
2,G_000,2012-11-23,38.648,2013-01-31,38.543,-27.0,-0.27,10000.0
2,G_000,2013-11-27,38.311,2013-12-20,36.902,-368.0,-3.68,10000.0
2,G_000,2014-08-21,41.780,2014-09-16,40.491,-309.0,-3.09,10000.0
2,G_000,2015-08-05,43.208,2015-08-25,40.811,-555.0,-5.55,10000.0
2,G_000,2016-02-03,43.326,2016-11-17,49.854,1507.0,15.07,10000.0
2,G_000,2017-03-24,56.004,2017-08-22,57.198,213.0,2.13,10000.0
2,G_000,2018-12-18,65.808,,Open position,279.0,2.79,10000.0
347,G_000,2009-03-24,5.003,2009-11-23,9.110,8209.0,82.09,10000.0
347,G_000,2010-01-06,10.629,2010-01-19,9.134,-1407.0,-14.07,10000.0
347,G_000,2010-10-14,8.181,2010-11-16,7.194,-1207.0,-12.07,10000.0
347,G_000,2011-01-05,7.405,2011-01-25,6.630,-1048.0,-10.48,10000.0
347,G_000,2012-01-18,3.797,2012-03-07,2.990,-2126.0,-21.26,10000.0
347,G_000,2013-05-09,3.020,2013-06-03,2.524,-1644.0,-16.44,10000.0
347,G_000,2013-11-19,3.157,2014-01-27,2.984,-549.0,-5.49,10000.0
347,G_000,2014-04-04,3.122,2014-05-08,2.793,-1054.0,-10.54,10000.0
347,G_000,2014-06-17,2.910,2014-09-29,2.910,-0.0,-0.0,10000.0
347,G_000,2016-07-05,2.304,2016-09-14,2.359,237.0,2.37,10000.0
347,G_000,2016-09-22,2.547,2017-05-19,2.949,1575.0,15.75,10000.0
347,G_000,2017-06-15,3.265,2018-03-23,4.443,3611.0,36.11,10000.0
347,G_000,2018-06-05,5.202,2018-06-28,4.433,-1480.0,-14.8,10000.0
347,G_000,2018-07-30,5.282,2018-09-11,4.618,-1258.0,-12.58,10000.0
354,G_000,2009-04-03,0.552,2009-10-02,0.655,1864.0,18.64,10000.0
354,G_000,2009-12-07,0.842,2010-08-13,1.609,9111.0,91.11,10000.0
354,G_000,2011-03-14,1.880,2011-05-24,1.759,-647.0,-6.47,10000.0
354,G_000,2011-11-04,2.236,2012-01-12,2.133,-460.0,-4.6,10000.0
354,G_000,2012-02-16,2.301,2012-04-12,2.011,-1260.0,-12.6,10000.0
354,G_000,2013-04-12,1.665,2013-09-26,2.002,2022.0,20.22,10000.0
354,G_000,2013-10-22,2.358,2013-11-28,2.021,-1429.0,-14.29,10000.0
354,G_000,2014-01-13,2.114,2014-04-29,2.161,221.0,2.21,10000.0
354,G_000,2014-07-30,2.432,2014-10-10,2.479,192.0,1.92,10000.0
354,G_000,2015-03-17,2.657,2015-04-10,4.116,5493.0,54.93,10000.0
354,G_000,2015-09-22,2.947,2015-12-14,2.881,-222.0,-2.22,10000.0
354,G_000,2016-04-18,2.788,2016-06-27,2.713,-268.0,-2.68,10000.0
354,G_000,2016-07-29,2.994,2017-08-16,3.940,3162.0,31.62,10000.0
354,G_000,2017-09-05,4.241,2017-11-10,4.259,44.0,0.44,10000.0
388,G_000,2009-03-24,45.434,2009-11-30,90.388,9895.0,98.95,10000.0
388,G_000,2010-01-07,98.342,2010-01-26,88.811,-969.0,-9.69,10000.0
388,G_000,2011-04-06,122.990,2011-06-16,111.880,-903.0,-9.03,10000.0
388,G_000,2012-01-27,92.992,2012-04-02,91.877,-120.0,-1.2,10000.0
388,G_000,2012-08-20,77.543,2013-05-16,95.193,2276.0,22.76,10000.0
388,G_000,2013-09-16,95.211,2013-12-20,95.285,8.0,0.08,10000.0
388,G_000,2014-04-03,93.141,2015-03-11,131.857,4157.0,41.57,10000.0
388,G_000,2015-03-24,137.977,2015-04-20,217.620,5772.0,57.72,10000.0
388,G_000,2015-10-13,153.356,2015-12-17,154.905,101.0,1.01,10000.0
388,G_000,2016-06-07,151.701,2016-08-18,151.308,-26.0,-0.26,10000.0
388,G_000,2016-09-12,162.376,2016-11-18,161.422,-59.0,-0.59,10000.0
388,G_000,2017-06-05,165.387,2018-05-18,213.927,2935.0,29.35,10000.0
388,G_000,2019-01-29,204.073,,Open position,1418.0,14.18,10000.0
390,G_000,2009-03-24,3.001,2009-11-25,3.830,2762.0,27.62,10000.0
390,G_000,2010-10-25,4.080,2010-11-15,3.669,-1008.0,-10.08,10000.0
390,G_000,2012-02-01,1.731,2012-04-12,1.749,108.0,1.08,10000.0
390,G_000,2012-04-19,1.918,2012-05-14,1.674,-1270.0,-12.7,10000.0
390,G_000,2012-09-14,2.175,2013-04-05,2.397,1023.0,10.23,10000.0
390,G_000,2013-05-09,2.734,2013-06-14,2.366,-1349.0,-13.49,10000.0
390,G_000,2013-11-19,2.997,2013-12-18,2.661,-1121.0,-11.21,10000.0
390,G_000,2014-07-08,2.603,2015-04-17,7.434,18563.0,185.63,10000.0
390,G_000,2015-10-22,5.037,2015-12-01,4.352,-1359.0,-13.59,10000.0
390,G_000,2016-06-08,4.080,2016-08-18,4.124,108.0,1.08,10000.0
390,G_000,2016-10-19,4.083,2017-05-24,4.340,629.0,6.29,10000.0
390,G_000,2017-09-12,4.499,2017-11-10,4.169,-733.0,-7.33,10000.0
390,G_000,2019-02-21,5.437,,Open position,285.0,2.85,10000.0
425,G_000,2009-03-16,2.250,2010-05-24,6.341,18184.0,181.84,10000.0
425,G_000,2010-07-16,7.296,2011-01-06,8.285,1356.0,13.56,10000.0
425,G_000,2011-06-30,8.444,2011-08-09,6.861,-1875.0,-18.75,10000.0
425,G_000,2012-01-13,6.045,2012-03-22,6.129,140.0,1.4,10000.0
425,G_000,2012-04-30,6.741,2012-07-05,6.087,-971.0,-9.71,10000.0
425,G_000,2012-08-28,6.167,2012-10-04,5.558,-987.0,-9.87,10000.0
425,G_000,2013-09-23,11.163,2014-01-07,11.536,334.0,3.34,10000.0
425,G_000,2014-04-01,11.685,2014-04-15,8.880,-2401.0,-24.01,10000.0
425,G_000,2014-08-26,12.417,2014-11-03,11.552,-697.0,-6.97,10000.0
425,G_000,2014-11-27,12.216,2015-02-10,12.355,114.0,1.14,10000.0
425,G_000,2016-03-07,12.269,2016-12-14,19.527,5915.0,59.15,10000.0
425,G_000,2017-01-12,21.073,2018-02-07,34.097,6181.0,61.81,10000.0
363,G_000,2009-03-25,8.058,2009-11-19,14.601,8120.0,81.2,10000.0
363,G_000,2009-12-03,15.869,2010-02-01,13.795,-1308.0,-13.08,10000.0
363,G_000,2010-08-30,14.986,2010-11-04,14.776,-140.0,-1.4,10000.0
363,G_000,2012-01-17,9.701,2012-04-03,9.887,191.0,1.91,10000.0
363,G_000,2012-04-27,10.775,2012-05-14,9.908,-805.0,-8.05,10000.0
363,G_000,2012-08-08,9.348,2013-04-19,10.101,806.0,8.06,10000.0
363,G_000,2013-08-16,11.041,2014-02-12,11.711,607.0,6.07,10000.0
363,G_000,2014-07-17,11.403,2014-09-22,11.330,-64.0,-0.64,10000.0
363,G_000,2014-11-27,11.400,2014-12-16,10.653,-656.0,-6.56,10000.0
363,G_000,2015-03-31,11.447,2015-07-07,11.196,-219.0,-2.19,10000.0
363,G_000,2016-06-23,8.719,2017-02-17,11.364,3033.0,30.33,10000.0
363,G_000,2017-03-16,11.669,2017-06-16,11.868,171.0,1.71,10000.0
363,G_000,2017-08-31,12.049,2017-11-09,12.257,173.0,1.73,10000.0
467,G_000,2009-04-06,0.184,2009-04-08,0.158,-1375.0,-13.75,10000.0
467,G_000,2009-04-16,0.179,2009-04-28,0.156,-1282.0,-12.82,10000.0
467,G_000,2009-05-07,0.197,2009-08-19,0.229,1628.0,16.28,10000.0
467,G_000,2009-12-02,0.213,2010-03-22,0.234,968.0,9.68,10000.0
467,G_000,2010-06-17,0.248,2011-04-14,0.578,13333.0,133.33,10000.0
467,G_000,2011-05-24,0.587,2011-07-21,0.477,-1875.0,-18.75,10000.0
467,G_000,2011-12-22,0.555,2012-06-01,0.546,-165.0,-1.65,10000.0
467,G_000,2012-09-20,0.551,2013-02-21,0.574,417.0,4.17,10000.0
467,G_000,2014-02-10,0.555,2014-04-17,0.560,83.0,0.83,10000.0
467,G_000,2017-02-02,0.270,2017-03-22,0.210,-2198.0,-21.98,10000.0
467,G_000,2017-08-24,0.181,2018-12-24,0.789,33662.0,336.62,10000.0
467,G_000,2019-02-11,0.898,,Open position,-151.0,-1.51,10000.0
522,G_000,2009-07-16,29.550,2010-05-26,35.368,1969.0,19.69,10000.0
522,G_000,2010-09-28,45.101,2011-08-08,49.201,909.0,9.09,10000.0
522,G_000,2011-12-08,61.888,2012-06-04,64.319,393.0,3.93,10000.0
522,G_000,2012-07-04,71.830,2012-08-09,63.935,-1099.0,-10.99,10000.0
522,G_000,2012-12-21,65.866,2013-03-15,61.785,-620.0,-6.2,10000.0
522,G_000,2014-04-22,58.557,2014-07-10,60.575,345.0,3.45,10000.0
522,G_000,2014-10-31,61.248,2014-12-10,53.321,-1294.0,-12.94,10000.0
522,G_000,2015-02-24,55.591,2015-06-10,56.188,107.0,1.07,10000.0
522,G_000,2016-06-10,44.488,2016-08-24,46.215,388.0,3.88,10000.0
522,G_000,2016-09-23,49.094,2017-08-02,76.068,5494.0,54.94,10000.0
522,G_000,2018-06-07,85.347,2018-07-06,76.413,-1047.0,-10.47,10000.0
