symbol,match_type,buy_match,sell_match,direction_match,orig_entryDay,new_entryDay,orig_entryPrice,new_entryPrice,entry_price_diff,orig_exitDay,new_exitDay,exit_day_diff_days,orig_exitPrice,new_exitPrice,exit_price_diff,orig_profit_pct,new_profit_pct,profit_pct_diff,orig_profit,new_profit,orig_direction,new_direction
1,matched,exact,exact,True,2009-10-21,2009-10-21,30.239,30.239,0.0,2009-11-06,2009-11-06,0.0,27.323,27.323,0.0,-9.64,-9.64,0.0,-964.0,-964.0,lose,lose
1,matched,exact,exact,True,2009-12-04,2009-12-04,28.229,28.229,0.0,2010-01-29,2010-01-29,0.0,26.204,26.204,0.0,-7.17,-7.17,0.0,-717.0,-717.0,lose,lose
1,matched,exact,exact,True,2010-03-02,2010-03-02,27.436,27.436,0.0,2010-05-10,2010-05-10,0.0,26.148,26.148,0.0,-4.7,-4.7,0.0,-470.0,-470.0,lose,lose
1,matched,exact,exact,True,2011-06-01,2011-06-01,36.19,36.19,0.0,2011-06-21,2011-06-21,0.0,32.797,32.797,0.0,-9.38,-9.38,0.0,-938.0,-938.0,lose,lose
1,matched,exact,exact,True,2011-07-29,2011-07-29,35.417,35.417,0.0,2011-08-09,2011-08-09,0.0,30.952,30.952,0.0,-12.61,-12.61,0.0,-1261.0,-1261.0,lose,lose
1,matched,exact,exact,True,2012-01-13,2012-01-13,28.87,28.87,0.0,2012-04-12,2012-04-12,0.0,29.020,29.020,0.0,0.52,0.52,0.0,52.0,52.0,win,win
1,matched,exact,exact,True,2012-07-03,2012-07-03,29.375,29.375,0.0,2013-05-15,2013-05-15,0.0,36.090,36.090,0.0,22.86,22.86,0.0,2286.0,2286.0,win,win
1,matched,exact,exact,True,2014-02-28,2014-02-28,38.71,38.71,0.0,2014-11-19,2014-11-19,0.0,47.751,47.751,0.0,23.36,23.36,0.0,2336.0,2336.0,win,win
1,matched,exact,exact,True,2015-10-16,2015-10-16,69.076,69.076,0.0,2015-11-16,2015-11-16,0.0,64.518,64.518,0.0,-6.6,-6.6,0.0,-660.0,-660.0,lose,lose
1,matched,exact,exact,True,2016-03-07,2016-03-07,63.426,63.426,0.0,2016-04-20,2016-04-20,0.0,62.303,62.303,0.0,-1.77,-1.77,0.0,-177.0,-177.0,lose,lose
1,matched,exact,exact,True,2017-02-28,2017-02-28,63.812,63.812,0.0,2017-11-07,2017-11-07,0.0,67.142,67.142,0.0,5.22,5.22,0.0,522.0,522.0,win,win
2,matched,exact,exact,True,2010-01-06,2010-01-06,27.433,27.433,0.0,2011-03-18,2011-03-18,0.0,33.650,33.650,0.0,22.66,22.66,0.0,2266.0,2266.0,win,win
2,matched,exact,exact,True,2012-03-01,2012-03-01,38.298,38.298,0.0,2012-05-10,2012-05-10,0.0,37.813,37.813,0.0,-1.27,-1.27,0.0,-127.0,-127.0,lose,lose
2,matched,exact,exact,True,2012-06-20,2012-06-20,37.527,37.527,0.0,2012-08-24,2012-08-24,0.0,37.469,37.469,0.0,-0.15,-0.15,0.0,-15.0,-15.0,lose,lose
2,matched,exact,exact,True,2012-11-23,2012-11-23,38.648,38.648,0.0,2013-01-31,2013-01-31,0.0,38.543,38.543,0.0,-0.27,-0.27,0.0,-27.0,-27.0,lose,lose
2,matched,exact,exact,True,2013-11-27,2013-11-27,38.311,38.311,0.0,2013-12-20,2013-12-20,0.0,36.902,36.902,0.0,-3.68,-3.68,0.0,-368.0,-368.0,lose,lose
2,matched,exact,exact,True,2014-08-21,2014-08-21,41.78,41.78,0.0,2014-09-16,2014-09-16,0.0,40.491,40.491,0.0,-3.09,-3.09,0.0,-309.0,-309.0,lose,lose
2,matched,exact,exact,True,2015-08-05,2015-08-05,43.208,43.208,0.0,2015-08-25,2015-08-25,0.0,40.811,40.811,0.0,-5.55,-5.55,0.0,-555.0,-555.0,lose,lose
2,matched,exact,exact,True,2016-02-03,2016-02-03,43.326,43.326,0.0,2016-11-17,2016-11-17,0.0,49.854,49.854,0.0,15.07,15.07,0.0,1507.0,1507.0,win,win
2,matched,exact,exact,True,2017-03-24,2017-03-24,56.004,56.004,0.0,2017-08-22,2017-08-22,0.0,57.198,57.198,0.0,2.13,2.13,0.0,213.0,213.0,win,win
2,matched,exact,new_open,True,2018-12-18,2018-12-18,65.808,65.808,0.0,,,,Open position,Open position,,2.79,2.79,0.0,279.0,279.0,win,win
3,matched,exact,exact,True,2009-03-26,2009-03-26,2.568,2.568,0.0,2010-02-04,2010-02-04,0.0,3.707,3.707,0.0,44.37,44.37,0.0,4437.0,4437.0,win,win
3,matched,exact,exact,True,2010-06-24,2010-06-24,4.723,4.723,0.0,2010-08-30,2010-08-30,0.0,4.601,4.601,0.0,-2.59,-2.59,0.0,-259.0,-259.0,lose,lose
3,matched,exact,exact,True,2010-09-07,2010-09-07,4.767,4.767,0.0,2010-11-12,2010-11-12,0.0,4.683,4.683,0.0,-1.76,-1.76,0.0,-176.0,-176.0,lose,lose
3,matched,exact,exact,True,2011-07-05,2011-07-05,4.917,4.917,0.0,2011-08-10,2011-08-10,0.0,4.660,4.660,0.0,-5.24,-5.24,0.0,-524.0,-524.0,lose,lose
3,matched,exact,exact,True,2012-01-09,2012-01-09,5.043,5.043,0.0,2012-05-17,2012-05-17,0.0,5.065,5.065,0.0,0.44,0.44,0.0,44.0,44.0,win,win
3,matched,exact,exact,True,2012-09-20,2012-09-20,6.014,6.014,0.0,2013-06-14,2013-06-14,0.0,6.388,6.388,0.0,6.22,6.22,0.0,622.0,622.0,win,win
3,matched,exact,exact,True,2014-07-03,2014-07-03,6.708,6.708,0.0,2014-09-23,2014-09-23,0.0,6.770,6.770,0.0,0.92,0.92,0.0,92.0,92.0,win,win
3,matched,exact,exact,True,2015-03-27,2015-03-27,7.013,7.013,0.0,2015-06-10,2015-06-10,0.0,7.042,7.042,0.0,0.42,0.42,0.0,42.0,42.0,win,win
3,matched,exact,exact,True,2016-05-31,2016-05-31,6.527,6.527,0.0,2016-12-23,2016-12-23,0.0,6.733,6.733,0.0,3.15,3.15,0.0,315.0,315.0,win,win
3,matched,exact,exact,True,2017-03-28,2017-03-28,7.654,7.654,0.0,2017-09-26,2017-09-26,0.0,8.160,8.160,0.0,6.61,6.61,0.0,661.0,661.0,win,win
3,matched,exact,exact,True,2017-12-01,2017-12-01,8.572,8.572,0.0,2018-02-08,2018-02-08,0.0,8.294,8.294,0.0,-3.25,-3.25,0.0,-325.0,-325.0,lose,lose
4,matched,exact,exact,True,2009-03-24,2009-03-24,3.599,3.599,0.0,2010-05-20,2010-05-20,0.0,7.385,7.385,0.0,105.22,105.22,0.0,10522.0,10522.0,win,win
4,matched,exact,exact,True,2010-06-22,2010-06-22,8.373,8.373,0.0,2010-08-26,2010-08-26,0.0,8.454,8.454,0.0,0.97,0.97,0.0,97.0,97.0,win,win
4,matched,exact,exact,True,2010-09-07,2010-09-07,8.972,8.972,0.0,2011-04-28,2011-04-28,0.0,12.435,12.435,0.0,38.59,38.59,0.0,3859.0,3859.0,win,win
4,matched,exact,exact,True,2011-07-11,2011-07-11,11.735,11.735,0.0,2011-08-10,2011-08-10,0.0,10.711,10.711,0.0,-8.73,-8.73,0.0,-873.0,-873.0,lose,lose
4,matched,exact,exact,True,2012-02-02,2012-02-02,9.627,9.627,0.0,2012-04-11,2012-04-11,0.0,8.917,8.917,0.0,-7.37,-7.37,0.0,-737.0,-737.0,lose,lose
4,matched,exact,exact,True,2012-04-27,2012-04-27,9.896,9.896,0.0,2012-05-17,2012-05-17,0.0,9.015,9.015,0.0,-8.9,-8.9,0.0,-890.0,-890.0,lose,lose
4,matched,exact,exact,True,2012-06-12,2012-06-12,9.408,9.408,0.0,2013-07-23,2013-07-23,0.0,14.692,14.692,0.0,56.16,56.16,0.0,5616.0,5616.0,win,win
4,matched,exact,exact,True,2013-09-23,2013-09-23,15.944,15.944,0.0,2013-11-06,2013-11-06,0.0,14.441,14.441,0.0,-9.43,-9.43,0.0,-943.0,-943.0,lose,lose
4,matched,exact,exact,True,2014-07-24,2014-07-24,13.714,13.714,0.0,2014-09-29,2014-09-29,0.0,13.244,13.244,0.0,-3.43,-3.43,0.0,-343.0,-343.0,lose,lose
4,matched,exact,exact,True,2015-01-05,2015-01-05,13.209,13.209,0.0,2015-03-12,2015-03-12,0.0,12.521,12.521,0.0,-5.2,-5.2,0.0,-520.0,-520.0,lose,lose
4,matched,exact,exact,True,2016-06-10,2016-06-10,11.495,11.495,0.0,2017-09-22,2017-09-22,0.0,18.393,18.393,0.0,60.01,60.01,0.0,6001.0,6001.0,win,win
4,matched,exact,exact,True,2018-06-19,2018-06-19,22.419,22.419,0.0,2018-08-13,2018-08-13,0.0,20.576,20.576,0.0,-8.22,-8.22,0.0,-822.0,-822.0,lose,lose
4,matched,exact,new_open,True,2019-01-28,2019-01-28,19.981,19.981,0.0,,,,Open position,Open position,,11.06,11.06,0.0,1106.0,1106.0,win,win
5,matched,exact,exact,True,2009-07-20,2009-07-20,29.028,29.028,0.0,2010-03-11,2010-03-11,0.0,34.892,34.892,0.0,20.2,20.2,0.0,2020.0,2020.0,win,win
5,matched,exact,exact,True,2010-04-16,2010-04-16,36.48,36.48,0.0,2010-04-29,2010-04-29,0.0,34.176,34.176,0.0,-6.32,-6.32,0.0,-632.0,-632.0,lose,lose
5,matched,exact,exact,True,2010-11-08,2010-11-08,37.844,37.844,0.0,2010-11-18,2010-11-18,0.0,35.922,35.922,0.0,-5.08,-5.08,0.0,-508.0,-508.0,lose,lose
5,matched,exact,exact,True,2011-01-13,2011-01-13,38.48,38.48,0.0,2011-03-18,2011-03-18,0.0,35.269,35.269,0.0,-8.34,-8.34,0.0,-834.0,-834.0,lose,lose
5,matched,exact,exact,True,2012-02-03,2012-02-03,30.74,30.74,0.0,2012-04-12,2012-04-12,0.0,31.046,31.046,0.0,1.0,1.0,0.0,100.0,100.0,win,win
5,matched,exact,exact,True,2012-05-02,2012-05-02,33.197,33.197,0.0,2012-05-18,2012-05-18,0.0,29.759,29.759,0.0,-10.36,-10.36,0.0,-1036.0,-1036.0,lose,lose
5,matched,exact,exact,True,2012-06-18,2012-06-18,31.932,31.932,0.0,2012-07-25,2012-07-25,0.0,28.979,28.979,0.0,-9.25,-9.25,0.0,-925.0,-925.0,lose,lose
5,matched,exact,exact,True,2012-10-05,2012-10-05,35.548,35.548,0.0,2013-09-11,2013-09-11,0.0,42.866,42.866,0.0,20.59,20.59,0.0,2059.0,2059.0,win,win
5,matched,exact,exact,True,2013-10-31,2013-10-31,42.781,42.781,0.0,2013-12-17,2013-12-17,0.0,41.624,41.624,0.0,-2.7,-2.7,0.0,-270.0,-270.0,lose,lose
5,matched,exact,exact,True,2014-01-09,2014-01-09,43.082,43.082,0.0,2014-02-04,2014-02-04,0.0,39.662,39.662,0.0,-7.94,-7.94,0.0,-794.0,-794.0,lose,lose
5,matched,exact,exact,True,2014-09-01,2014-09-01,43.596,43.596,0.0,2014-10-03,2014-10-03,0.0,40.698,40.698,0.0,-6.65,-6.65,0.0,-665.0,-665.0,lose,lose
5,matched,exact,exact,True,2016-08-04,2016-08-04,30.674,30.674,0.0,2017-11-06,2017-11-06,0.0,48.119,48.119,0.0,56.87,56.87,0.0,5687.0,5687.0,win,win
5,matched,exact,exact,True,2017-12-04,2017-12-04,49.426,49.426,0.0,2018-03-06,2018-03-06,0.0,49.826,49.826,0.0,0.81,0.81,0.0,81.0,81.0,win,win
11,matched,exact,exact,True,2009-07-28,2009-07-28,55.309,55.309,0.0,2009-09-30,2009-09-30,0.0,52.521,52.521,0.0,-5.04,-5.04,0.0,-504.0,-504.0,lose,lose
11,matched,exact,exact,True,2009-11-09,2009-11-09,54.271,54.271,0.0,2010-01-14,2010-01-14,0.0,54.263,54.263,0.0,-0.02,-0.02,0.0,-2.0,-2.0,lose,lose
11,matched,exact,exact,True,2011-05-20,2011-05-20,63.26,63.26,0.0,2011-07-27,2011-07-27,0.0,62.850,62.850,0.0,-0.65,-0.65,0.0,-65.0,-65.0,lose,lose
11,matched,exact,exact,True,2012-02-29,2012-02-29,57.096,57.096,0.0,2012-05-09,2012-05-09,0.0,56.619,56.619,0.0,-0.84,-0.84,0.0,-84.0,-84.0,lose,lose
11,matched,exact,exact,True,2012-06-18,2012-06-18,56.951,56.951,0.0,2013-06-10,2013-06-10,0.0,67.221,67.221,0.0,18.03,18.03,0.0,1803.0,1803.0,win,win
11,matched,exact,exact,True,2013-10-16,2013-10-16,72.635,72.635,0.0,2013-12-19,2013-12-19,0.0,70.857,70.857,0.0,-2.45,-2.45,0.0,-245.0,-245.0,lose,lose
11,matched,exact,exact,True,2014-02-26,2014-02-26,72.116,72.116,0.0,2014-05-09,2014-05-09,0.0,72.541,72.541,0.0,0.59,0.59,0.0,59.0,59.0,win,win
11,matched,exact,exact,True,2014-08-26,2014-08-26,78.652,78.652,0.0,2014-09-30,2014-09-30,0.0,74.444,74.444,0.0,-5.35,-5.35,0.0,-535.0,-535.0,lose,lose
11,matched,exact,exact,True,2015-12-18,2015-12-18,90.448,90.448,0.0,2016-01-08,2016-01-08,0.0,85.913,85.913,0.0,-5.01,-5.01,0.0,-501.0,-501.0,lose,lose
11,matched,exact,exact,True,2016-06-02,2016-06-02,90.944,90.944,0.0,2016-06-17,2016-06-17,0.0,85.729,85.729,0.0,-5.73,-5.73,0.0,-573.0,-573.0,lose,lose
11,matched,exact,exact,True,2016-10-07,2016-10-07,92.467,92.467,0.0,2018-01-05,2018-01-05,0.0,132.503,132.503,0.0,43.3,43.3,0.0,4330.0,4330.0,win,win
38,matched,exact,exact,True,2009-04-16,2009-04-16,1.387,1.387,0.0,2010-05-07,2010-05-07,0.0,3.322,3.322,0.0,139.54,139.54,0.0,13954.0,13954.0,win,win
38,matched,exact,exact,True,2010-07-13,2010-07-13,3.38,3.38,0.0,2011-06-13,2011-06-13,0.0,6.541,6.541,0.0,93.5,93.5,0.0,9350.0,9350.0,win,win
38,matched,exact,exact,True,2011-07-18,2011-07-18,7.576,7.576,0.0,2011-08-08,2011-08-08,0.0,6.115,6.115,0.0,-19.28,-19.28,0.0,-1928.0,-1928.0,lose,lose
38,matched,exact,exact,True,2012-01-30,2012-01-30,6.027,6.027,0.0,2012-04-03,2012-04-03,0.0,5.543,5.543,0.0,-8.04,-8.04,0.0,-804.0,-804.0,lose,lose
38,matched,exact,exact,True,2012-08-08,2012-08-08,4.772,4.772,0.0,2012-09-05,2012-09-05,0.0,4.126,4.126,0.0,-13.54,-13.54,0.0,-1354.0,-1354.0,lose,lose
38,matched,exact,exact,True,2012-10-10,2012-10-10,4.603,4.603,0.0,2013-04-03,2013-04-03,0.0,4.625,4.625,0.0,0.48,0.48,0.0,48.0,48.0,win,win
38,matched,exact,exact,True,2013-10-22,2013-10-22,4.438,4.438,0.0,2013-12-31,2013-12-31,0.0,4.430,4.430,0.0,-0.17,-0.17,0.0,-17.0,-17.0,lose,lose
38,matched,exact,exact,True,2014-04-11,2014-04-11,4.069,4.069,0.0,2014-04-29,2014-04-29,0.0,3.398,3.398,0.0,-16.48,-16.48,0.0,-1648.0,-1648.0,lose,lose
38,matched,exact,exact,True,2015-03-31,2015-03-31,4.366,4.366,0.0,2015-07-03,2015-07-03,0.0,4.405,4.405,0.0,0.9,0.9,0.0,90.0,90.0,win,win
38,matched,exact,exact,True,2015-10-19,2015-10-19,3.995,3.995,0.0,2015-12-23,2015-12-23,0.0,3.872,3.872,0.0,-3.09,-3.09,0.0,-309.0,-309.0,lose,lose
38,matched,exact,exact,True,2016-08-17,2016-08-17,3.349,3.349,0.0,2016-11-01,2016-11-01,0.0,3.411,3.411,0.0,1.87,1.87,0.0,187.0,187.0,win,win
66,matched,exact,exact,True,2009-03-18,2009-03-18,9.789,9.789,0.0,2010-02-10,2010-02-10,0.0,14.956,14.956,0.0,52.78,52.78,0.0,5278.0,5278.0,win,win
66,matched,exact,exact,True,2010-03-02,2010-03-02,15.235,15.235,0.0,2010-05-10,2010-05-10,0.0,15.356,15.356,0.0,0.8,0.8,0.0,80.0,80.0,win,win
66,matched,exact,exact,True,2010-09-08,2010-09-08,16.315,16.315,0.0,2010-11-24,2010-11-24,0.0,16.173,16.173,0.0,-0.87,-0.87,0.0,-87.0,-87.0,lose,lose
66,matched,exact,exact,True,2011-03-09,2011-03-09,16.883,16.883,0.0,2011-05-09,2011-05-09,0.0,16.170,16.170,0.0,-4.22,-4.22,0.0,-422.0,-422.0,lose,lose
66,matched,exact,exact,True,2011-06-01,2011-06-01,16.604,16.604,0.0,2011-06-14,2011-06-14,0.0,15.708,15.708,0.0,-5.39,-5.39,0.0,-539.0,-539.0,lose,lose
66,matched,exact,exact,True,2012-03-01,2012-03-01,16.091,16.091,0.0,2012-05-10,2012-05-10,0.0,15.796,15.796,0.0,-1.83,-1.83,0.0,-183.0,-183.0,lose,lose
66,matched,exact,exact,True,2012-10-25,2012-10-25,18.035,18.035,0.0,2013-03-18,2013-03-18,0.0,18.364,18.364,0.0,1.83,1.83,0.0,183.0,183.0,win,win
66,matched,exact,exact,True,2014-06-05,2014-06-05,18.617,18.617,0.0,2015-07-09,2015-07-09,0.0,22.331,22.331,0.0,19.95,19.95,0.0,1995.0,1995.0,win,win
66,matched,exact,exact,True,2015-12-23,2015-12-23,24.321,24.321,0.0,2016-01-22,2016-01-22,0.0,22.952,22.952,0.0,-5.63,-5.63,0.0,-563.0,-563.0,lose,lose
66,matched,exact,exact,True,2016-02-25,2016-02-25,24.223,24.223,0.0,2016-11-21,2016-11-21,0.0,27.713,27.713,0.0,14.41,14.41,0.0,1441.0,1441.0,win,win
66,matched,exact,exact,True,2017-03-30,2017-03-30,30.911,30.911,0.0,2017-09-06,2017-09-06,0.0,34.769,34.769,0.0,12.48,12.48,0.0,1248.0,1248.0,win,win
66,matched,exact,exact,True,2017-09-12,2017-09-12,35.378,35.378,0.0,2017-11-17,2017-11-17,0.0,34.541,34.541,0.0,-2.37,-2.37,0.0,-237.0,-237.0,lose,lose
66,matched,exact,exact,True,2017-12-01,2017-12-01,34.997,34.997,0.0,2018-02-05,2018-02-05,0.0,33.476,33.476,0.0,-4.35,-4.35,0.0,-435.0,-435.0,lose,lose
66,matched,exact,exact,True,2018-08-01,2018-08-01,34.007,34.007,0.0,2018-08-09,2018-08-09,0.0,31.990,31.990,0.0,-5.93,-5.93,0.0,-593.0,-593.0,lose,lose
66,matched,exact,new_open,True,2019-02-12,2019-02-12,34.221,34.221,0.0,,,,Open position,Open position,,2.05,2.05,0.0,205.0,205.0,win,win
107,matched,exact,exact,True,2009-03-24,2009-03-24,0.656,0.656,0.0,2009-11-13,2009-11-13,0.0,1.623,1.623,0.0,147.28,147.28,0.0,14728.0,14728.0,win,win
107,matched,exact,exact,True,2010-06-15,2010-06-15,2.096,2.096,0.0,2011-03-03,2011-03-03,0.0,2.494,2.494,0.0,18.97,18.97,0.0,1897.0,1897.0,win,win
107,matched,exact,exact,True,2011-03-07,2011-03-07,2.528,2.528,0.0,2011-05-04,2011-05-04,0.0,2.322,2.322,0.0,-8.18,-8.18,0.0,-818.0,-818.0,lose,lose
107,matched,exact,exact,True,2012-01-30,2012-01-30,1.705,1.705,0.0,2012-03-29,2012-03-29,0.0,1.499,1.499,0.0,-12.06,-12.06,0.0,-1206.0,-1206.0,lose,lose
107,matched,exact,exact,True,2012-06-18,2012-06-18,1.592,1.592,0.0,2012-06-25,2012-06-25,0.0,1.378,1.378,0.0,-13.44,-13.44,0.0,-1344.0,-1344.0,lose,lose
107,matched,exact,exact,True,2012-12-17,2012-12-17,1.388,1.388,0.0,2013-02-27,2013-02-27,0.0,1.399,1.399,0.0,0.75,0.75,0.0,75.0,75.0,win,win
107,matched,exact,exact,True,2013-05-10,2013-05-10,1.346,1.346,0.0,2013-06-13,2013-06-13,0.0,1.213,1.213,0.0,-9.89,-9.89,0.0,-989.0,-989.0,lose,lose
107,matched,exact,exact,True,2013-12-05,2013-12-05,1.322,1.322,0.0,2013-12-23,2013-12-23,0.0,1.208,1.208,0.0,-8.64,-8.64,0.0,-864.0,-864.0,lose,lose
107,matched,exact,exact,True,2015-03-31,2015-03-31,1.834,1.834,0.0,2015-07-03,2015-07-03,0.0,1.887,1.887,0.0,2.89,2.89,0.0,289.0,289.0,win,win
107,matched,exact,exact,True,2015-12-22,2015-12-22,1.602,1.602,0.0,2016-01-15,2016-01-15,0.0,1.421,1.421,0.0,-11.27,-11.27,0.0,-1127.0,-1127.0,lose,lose
107,matched,exact,exact,True,2016-06-06,2016-06-06,1.593,1.593,0.0,2017-06-06,2017-06-06,0.0,1.997,1.997,0.0,25.38,25.38,0.0,2538.0,2538.0,win,win
107,matched,exact,new_open,True,2019-02-27,2019-02-27,1.746,1.746,0.0,,,,Open position,Open position,,-0.75,-0.75,0.0,-75.0,-75.0,lose,lose
135,matched,exact,exact,True,2009-03-20,2009-03-20,1.241,1.241,0.0,2010-05-14,2010-05-14,0.0,4.373,4.373,0.0,252.34,252.34,0.0,25234.0,25234.0,win,win
135,matched,exact,exact,True,2010-09-14,2010-09-14,4.603,4.603,0.0,2010-11-19,2010-11-19,0.0,4.382,4.382,0.0,-4.8,-4.8,0.0,-480.0,-480.0,lose,lose
135,matched,exact,exact,True,2011-03-22,2011-03-22,5.478,5.478,0.0,2011-06-21,2011-06-21,0.0,5.552,5.552,0.0,1.36,1.36,0.0,136.0,136.0,win,win
135,matched,exact,exact,True,2012-01-16,2012-01-16,5.142,5.142,0.0,2012-07-25,2012-07-25,0.0,5.508,5.508,0.0,7.12,7.12,0.0,712.0,712.0,win,win
135,matched,exact,exact,True,2012-08-22,2012-08-22,5.917,5.917,0.0,2013-05-22,2013-05-22,0.0,7.116,7.116,0.0,20.28,20.28,0.0,2028.0,2028.0,win,win
135,matched,exact,exact,True,2014-06-16,2014-06-16,6.012,6.012,0.0,2014-08-20,2014-08-20,0.0,6.012,6.012,0.0,-0.0,-0.0,0.0,-0.0,-0.0,even,even
135,matched,exact,exact,True,2015-04-09,2015-04-09,3.969,3.969,0.0,2015-06-16,2015-06-16,0.0,3.812,3.812,0.0,-3.97,-3.97,0.0,-397.0,-397.0,lose,lose
135,matched,exact,exact,True,2016-03-07,2016-03-07,2.965,2.965,0.0,2016-05-16,2016-05-16,0.0,2.863,2.863,0.0,-3.41,-3.41,0.0,-341.0,-341.0,lose,lose
135,matched,exact,exact,True,2016-06-08,2016-06-08,3.233,3.233,0.0,2016-07-15,2016-07-15,0.0,2.863,2.863,0.0,-11.43,-11.43,0.0,-1143.0,-1143.0,lose,lose
135,matched,exact,exact,True,2016-10-06,2016-10-06,2.999,2.999,0.0,2016-11-15,2016-11-15,0.0,2.737,2.737,0.0,-8.75,-8.75,0.0,-875.0,-875.0,lose,lose
135,matched,exact,exact,True,2017-01-11,2017-01-11,2.917,2.917,0.0,2017-08-02,2017-08-02,0.0,3.824,3.824,0.0,31.11,31.11,0.0,3111.0,3111.0,win,win
135,matched,exact,exact,True,2018-05-21,2018-05-21,3.573,3.573,0.0,2018-07-27,2018-07-27,0.0,3.435,3.435,0.0,-3.87,-3.87,0.0,-387.0,-387.0,lose,lose
135,matched,exact,exact,True,2018-08-08,2018-08-08,3.71,3.71,0.0,2019-02-13,2019-02-13,0.0,4.103,4.103,0.0,10.58,10.58,0.0,1058.0,1058.0,win,win
135,matched,exact,new_open,True,2019-02-25,2019-02-25,4.551,4.551,0.0,,,,Open position,Open position,,1.46,1.46,0.0,146.0,146.0,win,win
144,matched,exact,exact,True,2009-03-17,2009-03-17,6.418,6.418,0.0,2009-11-25,2009-11-25,0.0,11.118,11.118,0.0,73.23,73.23,0.0,7323.0,7323.0,win,win
144,matched,exact,exact,True,2010-01-04,2010-01-04,10.988,10.988,0.0,2010-05-06,2010-05-06,0.0,11.315,11.315,0.0,2.98,2.98,0.0,298.0,298.0,win,win
144,matched,exact,exact,True,2010-06-24,2010-06-24,11.586,11.586,0.0,2010-08-30,2010-08-30,0.0,11.608,11.608,0.0,0.19,0.19,0.0,19.0,19.0,win,win
144,matched,exact,exact,True,2010-11-08,2010-11-08,13.536,13.536,0.0,2011-02-25,2011-02-25,0.0,13.982,13.982,0.0,3.29,3.29,0.0,329.0,329.0,win,win
144,matched,exact,exact,True,2011-04-15,2011-04-15,15.896,15.896,0.0,2011-06-10,2011-06-10,0.0,13.673,13.673,0.0,-13.98,-13.98,0.0,-1398.0,-1398.0,lose,lose
144,matched,exact,exact,True,2012-01-05,2012-01-05,11.069,11.069,0.0,2012-04-12,2012-04-12,0.0,11.092,11.092,0.0,0.21,0.21,0.0,21.0,21.0,win,win
144,matched,exact,exact,True,2012-07-05,2012-07-05,11.583,11.583,0.0,2012-09-07,2012-09-07,0.0,10.606,10.606,0.0,-8.44,-8.44,0.0,-844.0,-844.0,lose,lose
144,matched,exact,exact,True,2012-10-18,2012-10-18,12.217,12.217,0.0,2012-11-22,2012-11-22,0.0,11.062,11.062,0.0,-9.45,-9.45,0.0,-945.0,-945.0,lose,lose
144,matched,exact,exact,True,2014-02-28,2014-02-28,13.608,13.608,0.0,2014-04-29,2014-04-29,0.0,12.272,12.272,0.0,-9.82,-9.82,0.0,-982.0,-982.0,lose,lose
144,matched,exact,exact,True,2014-07-16,2014-07-16,13.165,13.165,0.0,2014-09-19,2014-09-19,0.0,12.760,12.760,0.0,-3.08,-3.08,0.0,-308.0,-308.0,lose,lose
144,matched,exact,exact,True,2014-11-05,2014-11-05,12.952,12.952,0.0,2015-07-09,2015-07-09,0.0,13.371,13.371,0.0,3.24,3.24,0.0,324.0,324.0,win,win
144,matched,exact,exact,True,2016-07-21,2016-07-21,11.825,11.825,0.0,2016-09-27,2016-09-27,0.0,11.346,11.346,0.0,-4.05,-4.05,0.0,-405.0,-405.0,lose,lose
144,matched,exact,exact,True,2017-04-13,2017-04-13,12.405,12.405,0.0,2017-06-23,2017-06-23,0.0,12.181,12.181,0.0,-1.8,-1.8,0.0,-180.0,-180.0,lose,lose
144,matched,exact,new_open,True,2019-02-22,2019-02-22,10.489,10.489,0.0,,,,Open position,Open position,,1.9,1.9,0.0,190.0,190.0,win,win
148,matched,exact,exact,True,2009-03-20,2009-03-20,5.614,5.614,0.0,2010-05-24,2010-05-24,0.0,13.772,13.772,0.0,145.3,145.3,0.0,14530.0,14530.0,win,win
148,matched,exact,exact,True,2010-08-24,2010-08-24,14.593,14.593,0.0,2010-10-29,2010-10-29,0.0,14.696,14.696,0.0,0.7,0.7,0.0,70.0,70.0,win,win
148,matched,exact,exact,True,2010-11-11,2010-11-11,16.518,16.518,0.0,2011-02-10,2011-02-10,0.0,16.240,16.240,0.0,-1.68,-1.68,0.0,-168.0,-168.0,lose,lose
148,matched,exact,exact,True,2012-01-26,2012-01-26,10.841,10.841,0.0,2012-03-30,2012-03-30,0.0,10.678,10.678,0.0,-1.5,-1.5,0.0,-150.0,-150.0,lose,lose
148,matched,exact,exact,True,2012-10-18,2012-10-18,9.689,9.689,0.0,2013-02-18,2013-02-18,0.0,10.146,10.146,0.0,4.72,4.72,0.0,472.0,472.0,win,win
148,matched,exact,exact,True,2013-08-19,2013-08-19,9.266,9.266,0.0,2013-08-29,2013-08-29,0.0,8.411,8.411,0.0,-9.23,-9.23,0.0,-923.0,-923.0,lose,lose
148,matched,exact,exact,True,2013-09-16,2013-09-16,9.677,9.677,0.0,2014-01-07,2014-01-07,0.0,9.997,9.997,0.0,3.32,3.32,0.0,332.0,332.0,win,win
148,matched,exact,exact,True,2014-06-23,2014-06-23,8.536,8.536,0.0,2014-08-27,2014-08-27,0.0,8.547,8.547,0.0,0.12,0.12,0.0,12.0,12.0,win,win
148,matched,exact,exact,True,2014-09-04,2014-09-04,8.631,8.631,0.0,2014-10-21,2014-10-21,0.0,8.078,8.078,0.0,-6.4,-6.4,0.0,-640.0,-640.0,lose,lose
148,matched,exact,exact,True,2015-12-24,2015-12-24,6.63,6.63,0.0,2016-02-15,2016-02-15,0.0,6.232,6.232,0.0,-6.0,-6.0,0.0,-600.0,-600.0,lose,lose
148,matched,exact,exact,True,2016-03-22,2016-03-22,6.84,6.84,0.0,2018-01-24,2018-01-24,0.0,27.831,27.831,0.0,306.89,306.89,0.0,30689.0,30689.0,win,win
152,matched,exact,exact,True,2009-03-24,2009-03-24,1.365,1.365,0.0,2009-11-27,2009-11-27,0.0,2.435,2.435,0.0,78.41,78.41,0.0,7841.0,7841.0,win,win
152,matched,exact,exact,True,2010-01-08,2010-01-08,2.641,2.641,0.0,2010-03-17,2010-03-17,0.0,2.559,2.559,0.0,-3.12,-3.12,0.0,-312.0,-312.0,lose,lose
152,matched,exact,exact,True,2010-03-18,2010-03-18,2.641,2.641,0.0,2010-05-19,2010-05-19,0.0,2.272,2.272,0.0,-13.97,-13.97,0.0,-1397.0,-1397.0,lose,lose
152,matched,exact,exact,True,2011-02-10,2011-02-10,3.13,3.13,0.0,2011-02-25,2011-02-25,0.0,2.830,2.830,0.0,-9.59,-9.59,0.0,-959.0,-959.0,lose,lose
152,matched,exact,exact,True,2011-04-20,2011-04-20,3.001,3.001,0.0,2011-06-21,2011-06-21,0.0,2.636,2.636,0.0,-12.15,-12.15,0.0,-1215.0,-1215.0,lose,lose
152,matched,exact,exact,True,2012-01-20,2012-01-20,2.368,2.368,0.0,2012-03-29,2012-03-29,0.0,2.234,2.234,0.0,-5.66,-5.66,0.0,-566.0,-566.0,lose,lose
152,matched,exact,exact,True,2012-08-08,2012-08-08,2.433,2.433,0.0,2013-01-25,2013-01-25,0.0,5.010,5.010,0.0,105.88,105.88,0.0,10588.0,10588.0,win,win
152,matched,exact,exact,True,2013-07-26,2013-07-26,5.086,5.086,0.0,2013-10-03,2013-10-03,0.0,4.641,4.641,0.0,-8.74,-8.74,0.0,-874.0,-874.0,lose,lose
152,matched,exact,exact,True,2013-12-02,2013-12-02,4.888,4.888,0.0,2014-02-12,2014-02-12,0.0,4.839,4.839,0.0,-1.01,-1.01,0.0,-101.0,-101.0,lose,lose
152,matched,exact,exact,True,2014-08-18,2014-08-18,5.355,5.355,0.0,2015-01-20,2015-01-20,0.0,5.706,5.706,0.0,6.55,6.55,0.0,655.0,655.0,win,win
152,matched,exact,exact,True,2015-03-24,2015-03-24,5.922,5.922,0.0,2015-07-08,2015-07-08,0.0,5.706,5.706,0.0,-3.65,-3.65,0.0,-365.0,-365.0,lose,lose
152,matched,exact,exact,True,2015-11-24,2015-11-24,7.061,7.061,0.0,2016-02-03,2016-02-03,0.0,6.432,6.432,0.0,-8.91,-8.91,0.0,-891.0,-891.0,lose,lose
152,matched,exact,exact,True,2017-03-17,2017-03-17,6.542,6.542,0.0,2018-06-29,2018-06-29,0.0,9.465,9.465,0.0,44.68,44.68,0.0,4468.0,4468.0,win,win
152,matched,exact,new_open,True,2019-02-27,2019-02-27,9.953,9.953,0.0,,,,Open position,Open position,,-2.21,-2.21,0.0,-221.0,-221.0,lose,lose
179,matched,exact,exact,True,2009-03-26,2009-03-26,4.295,4.295,0.0,2010-01-08,2010-01-08,0.0,8.858,8.858,0.0,106.25,106.25,0.0,10625.0,10625.0,win,win
179,matched,exact,exact,True,2010-01-12,2010-01-12,8.992,8.992,0.0,2010-05-24,2010-05-24,0.0,9.395,9.395,0.0,4.48,4.48,0.0,448.0,448.0,win,win
179,matched,exact,exact,True,2010-08-05,2010-08-05,10.677,10.677,0.0,2011-03-18,2011-03-18,0.0,11.747,11.747,0.0,10.03,10.03,0.0,1003.0,1003.0,win,win
179,matched,exact,exact,True,2011-06-02,2011-06-02,14.102,14.102,0.0,2011-07-21,2011-07-21,0.0,12.579,12.579,0.0,-10.8,-10.8,0.0,-1080.0,-1080.0,lose,lose
179,matched,exact,exact,True,2011-12-09,2011-12-09,11.914,11.914,0.0,2012-07-16,2012-07-16,0.0,12.805,12.805,0.0,7.47,7.47,0.0,747.0,747.0,win,win
179,matched,exact,exact,True,2013-01-14,2013-01-14,16.242,16.242,0.0,2013-01-30,2013-01-30,0.0,15.017,15.017,0.0,-7.54,-7.54,0.0,-754.0,-754.0,lose,lose
179,matched,exact,exact,True,2014-04-25,2014-04-25,22.315,22.315,0.0,2014-05-19,2014-05-19,0.0,18.911,18.911,0.0,-15.25,-15.25,0.0,-1525.0,-1525.0,lose,lose
179,matched,exact,exact,True,2014-11-19,2014-11-19,21.664,21.664,0.0,2015-01-27,2015-01-27,0.0,20.888,20.888,0.0,-3.58,-3.58,0.0,-358.0,-358.0,lose,lose
179,matched,exact,exact,True,2015-10-30,2015-10-30,21.16,21.16,0.0,2015-11-11,2015-11-11,0.0,19.341,19.341,0.0,-8.6,-8.6,0.0,-860.0,-860.0,lose,lose
179,matched,exact,exact,True,2016-11-17,2016-11-17,16.225,16.225,0.0,2017-01-25,2017-01-25,0.0,15.847,15.847,0.0,-2.33,-2.33,0.0,-233.0,-233.0,lose,lose
179,matched,exact,exact,True,2017-02-10,2017-02-10,16.536,16.536,0.0,2018-02-12,2018-02-12,0.0,23.376,23.376,0.0,41.37,41.37,0.0,4137.0,4137.0,win,win
270,matched,exact,exact,True,2009-04-08,2009-04-08,1.553,1.553,0.0,2009-11-23,2009-11-23,0.0,2.082,2.082,0.0,34.08,34.08,0.0,3408.0,3408.0,win,win
270,matched,exact,exact,True,2010-01-04,2010-01-04,2.227,2.227,0.0,2010-01-25,2010-01-25,0.0,1.888,1.888,0.0,-15.22,-15.22,0.0,-1522.0,-1522.0,lose,lose
270,matched,exact,exact,True,2010-09-24,2010-09-24,1.988,1.988,0.0,2010-11-30,2010-11-30,0.0,1.993,1.993,0.0,0.21,0.21,0.0,21.0,21.0,win,win
270,matched,exact,exact,True,2011-01-04,2011-01-04,2.107,2.107,0.0,2011-03-11,2011-03-11,0.0,1.993,1.993,0.0,-5.44,-5.44,0.0,-544.0,-544.0,lose,lose
270,matched,exact,exact,True,2011-06-15,2011-06-15,2.136,2.136,0.0,2011-08-22,2011-08-22,0.0,2.120,2.120,0.0,-0.72,-0.72,0.0,-72.0,-72.0,lose,lose
270,matched,exact,exact,True,2012-02-20,2012-02-20,2.544,2.544,0.0,2013-06-07,2013-06-07,0.0,3.588,3.588,0.0,41.03,41.03,0.0,4103.0,4103.0,win,win
270,matched,exact,exact,True,2013-10-08,2013-10-08,3.808,3.808,0.0,2014-02-05,2014-02-05,0.0,3.952,3.952,0.0,3.77,3.77,0.0,377.0,377.0,win,win
270,matched,exact,exact,True,2014-07-23,2014-07-23,5.342,5.342,0.0,2014-09-26,2014-09-26,0.0,5.164,5.164,0.0,-3.34,-3.34,0.0,-334.0,-334.0,lose,lose
270,matched,exact,exact,True,2015-04-02,2015-04-02,5.999,5.999,0.0,2015-06-12,2015-06-12,0.0,5.997,5.997,0.0,-0.03,-0.03,0.0,-3.0,-3.0,lose,lose
270,matched,exact,exact,True,2015-12-21,2015-12-21,6.486,6.486,0.0,2016-01-12,2016-01-12,0.0,5.697,5.697,0.0,-12.16,-12.16,0.0,-1216.0,-1216.0,lose,lose
270,matched,exact,exact,True,2016-06-02,2016-06-02,6.638,6.638,0.0,2016-10-18,2016-10-18,0.0,6.813,6.813,0.0,2.63,2.63,0.0,263.0,263.0,win,win
270,matched,exact,exact,True,2017-04-05,2017-04-05,6.969,6.969,0.0,2017-06-15,2017-06-15,0.0,6.692,6.692,0.0,-3.98,-3.98,0.0,-398.0,-398.0,lose,lose
270,matched,exact,exact,True,2017-07-14,2017-07-14,7.103,7.103,0.0,2017-08-15,2017-08-15,0.0,6.768,6.768,0.0,-4.71,-4.71,0.0,-471.0,-471.0,lose,lose
270,matched,exact,exact,True,2017-08-31,2017-08-31,7.251,7.251,0.0,2017-11-07,2017-11-07,0.0,7.157,7.157,0.0,-1.3,-1.3,0.0,-130.0,-130.0,lose,lose
270,matched,exact,exact,True,2018-11-19,2018-11-19,9.429,9.429,0.0,2019-03-06,2019-03-06,0.0,0.000,0.000,0.0,0.0,0.0,0.0,0.0,0.0,even,even
285,matched,exact,exact,True,2009-03-19,2009-03-19,2.351,2.351,0.0,2009-09-10,2009-09-10,0.0,3.493,3.493,0.0,48.57,48.57,0.0,4857.0,4857.0,win,win
285,matched,exact,exact,True,2009-10-14,2009-10-14,3.921,3.921,0.0,2009-11-12,2009-11-12,0.0,5.324,5.324,0.0,35.76,35.76,0.0,3576.0,3576.0,win,win
285,matched,exact,exact,True,2010-03-12,2010-03-12,5.962,5.962,0.0,2010-04-15,2010-04-15,0.0,5.139,5.139,0.0,-13.8,-13.8,0.0,-1380.0,-1380.0,lose,lose
285,matched,exact,exact,True,2011-01-05,2011-01-05,3.591,3.591,0.0,2011-04-27,2011-04-27,0.0,3.838,3.838,0.0,6.89,6.89,0.0,689.0,689.0,win,win
285,matched,exact,exact,True,2012-01-18,2012-01-18,2.269,2.269,0.0,2012-03-27,2012-03-27,0.0,2.073,2.073,0.0,-8.65,-8.65,0.0,-865.0,-865.0,lose,lose
285,matched,exact,exact,True,2013-10-08,2013-10-08,3.436,3.436,0.0,2014-01-13,2014-01-13,0.0,3.400,3.400,0.0,-1.03,-1.03,0.0,-103.0,-103.0,lose,lose
285,matched,exact,exact,True,2014-05-29,2014-05-29,4.475,4.475,0.0,2015-01-29,2015-01-29,0.0,7.395,7.395,0.0,65.26,65.26,0.0,6526.0,6526.0,win,win
285,matched,exact,exact,True,2015-03-02,2015-03-02,7.705,7.705,0.0,2015-07-06,2015-07-06,0.0,8.830,8.830,0.0,14.6,14.6,0.0,1460.0,1460.0,win,win
285,matched,exact,exact,True,2016-06-07,2016-06-07,4.074,4.074,0.0,2017-11-22,2017-11-22,0.0,18.509,18.509,0.0,354.31,354.31,0.0,35431.0,35431.0,win,win
285,matched,exact,new_open,True,2019-02-13,2019-02-13,9.619,9.619,0.0,,,,Open position,Open position,,3.65,3.65,0.0,365.0,365.0,win,win
291,matched,exact,exact,True,2009-03-27,2009-03-27,4.531,4.531,0.0,2010-05-10,2010-05-10,0.0,9.562,9.562,0.0,111.02,111.02,0.0,11102.0,11102.0,win,win
291,matched,exact,exact,True,2010-06-04,2010-06-04,10.777,10.777,0.0,2011-01-18,2011-01-18,0.0,11.969,11.969,0.0,11.07,11.07,0.0,1107.0,1107.0,win,win
291,matched,exact,exact,True,2011-06-30,2011-06-30,12.533,12.533,0.0,2011-09-05,2011-09-05,0.0,12.238,12.238,0.0,-2.36,-2.36,0.0,-236.0,-236.0,lose,lose
291,matched,exact,exact,True,2012-03-06,2012-03-06,11.413,11.413,0.0,2012-04-02,2012-04-02,0.0,10.660,10.660,0.0,-6.6,-6.6,0.0,-660.0,-660.0,lose,lose
291,matched,exact,exact,True,2012-05-07,2012-05-07,11.493,11.493,0.0,2012-05-17,2012-05-17,0.0,10.462,10.462,0.0,-8.97,-8.97,0.0,-897.0,-897.0,lose,lose
291,matched,exact,exact,True,2012-11-27,2012-11-27,11.005,11.005,0.0,2013-02-04,2013-02-04,0.0,11.146,11.146,0.0,1.28,1.28,0.0,128.0,128.0,win,win
291,matched,exact,exact,True,2013-10-15,2013-10-15,10.538,10.538,0.0,2013-12-18,2013-12-18,0.0,10.558,10.558,0.0,0.19,0.19,0.0,19.0,19.0,win,win
291,matched,exact,exact,True,2014-07-25,2014-07-25,9.29,9.29,0.0,2014-09-01,2014-09-01,0.0,8.591,8.591,0.0,-7.52,-7.52,0.0,-752.0,-752.0,lose,lose
291,matched,exact,exact,True,2015-09-16,2015-09-16,10.365,10.365,0.0,2016-01-22,2016-01-22,0.0,10.548,10.548,0.0,1.76,1.76,0.0,176.0,176.0,win,win
291,matched,exact,exact,True,2016-06-06,2016-06-06,14.288,14.288,0.0,2016-07-07,2016-07-07,0.0,13.100,13.100,0.0,-8.31,-8.31,0.0,-831.0,-831.0,lose,lose
291,matched,exact,exact,True,2016-07-13,2016-07-13,13.935,13.935,0.0,2016-11-07,2016-11-07,0.0,14.187,14.187,0.0,1.81,1.81,0.0,181.0,181.0,win,win
293,matched,exact,exact,True,2009-07-29,2009-07-29,7.43,7.43,0.0,2009-10-05,2009-10-05,0.0,7.010,7.010,0.0,-5.65,-5.65,0.0,-565.0,-565.0,lose,lose
293,matched,exact,exact,True,2009-10-12,2009-10-12,7.887,7.887,0.0,2010-01-25,2010-01-25,0.0,7.887,7.887,0.0,-0.0,-0.0,0.0,-0.0,-0.0,even,even
293,matched,exact,exact,True,2010-03-08,2010-03-08,8.883,8.883,0.0,2010-05-26,2010-05-26,0.0,8.756,8.756,0.0,-1.43,-1.43,0.0,-143.0,-143.0,lose,lose
293,matched,exact,exact,True,2010-07-23,2010-07-23,10.085,10.085,0.0,2011-02-23,2011-02-23,0.0,10.888,10.888,0.0,7.97,7.97,0.0,797.0,797.0,win,win
293,matched,exact,exact,True,2012-01-13,2012-01-13,9.062,9.062,0.0,2012-04-05,2012-04-05,0.0,9.175,9.175,0.0,1.25,1.25,0.0,125.0,125.0,win,win
293,matched,exact,exact,True,2012-07-09,2012-07-09,8.685,8.685,0.0,2012-09-11,2012-09-11,0.0,8.287,8.287,0.0,-4.58,-4.58,0.0,-458.0,-458.0,lose,lose
293,matched,exact,exact,True,2012-10-09,2012-10-09,8.777,8.777,0.0,2013-03-19,2013-03-19,0.0,9.215,9.215,0.0,4.98,4.98,0.0,498.0,498.0,win,win
293,matched,exact,exact,True,2013-09-19,2013-09-19,9.982,9.982,0.0,2014-02-06,2014-02-06,0.0,10.062,10.062,0.0,0.81,0.81,0.0,81.0,81.0,win,win
293,matched,exact,exact,True,2015-04-02,2015-04-02,12.605,12.605,0.0,2015-06-12,2015-06-12,0.0,12.742,12.742,0.0,1.09,1.09,0.0,109.0,109.0,win,win
293,matched,exact,exact,True,2017-02-09,2017-02-09,8.036,8.036,0.0,2017-04-19,2017-04-19,0.0,7.906,7.906,0.0,-1.62,-1.62,0.0,-162.0,-162.0,lose,lose
293,matched,exact,exact,True,2017-10-16,2017-10-16,9.294,9.294,0.0,2017-11-17,2017-11-17,0.0,8.557,8.557,0.0,-7.93,-7.93,0.0,-793.0,-793.0,lose,lose
303,matched,exact,exact,True,2009-04-15,2009-04-15,10.258,10.258,0.0,2010-05-26,2010-05-26,0.0,22.173,22.173,0.0,116.16,116.16,0.0,11616.0,11616.0,win,win
303,matched,exact,exact,True,2010-09-17,2010-09-17,27.307,27.307,0.0,2010-11-24,2010-11-24,0.0,27.307,27.307,0.0,0.0,0.0,0.0,0.0,0.0,even,even
303,matched,exact,exact,True,2010-12-06,2010-12-06,29.305,29.305,0.0,2011-02-11,2011-02-11,0.0,28.554,28.554,0.0,-2.56,-2.56,0.0,-256.0,-256.0,lose,lose
303,matched,exact,exact,True,2011-05-26,2011-05-26,31.241,31.241,0.0,2011-08-08,2011-08-08,0.0,31.192,31.192,0.0,-0.16,-0.16,0.0,-16.0,-16.0,lose,lose
303,matched,exact,exact,True,2012-02-20,2012-02-20,31.124,31.124,0.0,2012-04-27,2012-04-27,0.0,31.504,31.504,0.0,1.22,1.22,0.0,122.0,122.0,win,win
303,matched,exact,exact,True,2012-07-06,2012-07-06,34.454,34.454,0.0,2012-10-18,2012-10-18,0.0,35.059,35.059,0.0,1.76,1.76,0.0,176.0,176.0,win,win
303,matched,exact,exact,True,2013-03-12,2013-03-12,35.312,35.312,0.0,2013-11-21,2013-11-21,0.0,42.296,42.296,0.0,19.78,19.78,0.0,1978.0,1978.0,win,win
303,matched,exact,exact,True,2014-03-25,2014-03-25,41.093,41.093,0.0,2014-07-09,2014-07-09,0.0,41.664,41.664,0.0,1.39,1.39,0.0,139.0,139.0,win,win
303,matched,exact,exact,True,2014-11-04,2014-11-04,42.414,42.414,0.0,2015-04-21,2015-04-21,0.0,46.973,46.973,0.0,10.75,10.75,0.0,1075.0,1075.0,win,win
303,matched,exact,exact,True,2016-07-22,2016-07-22,40.974,40.974,0.0,2016-09-29,2016-09-29,0.0,41.092,41.092,0.0,0.29,0.29,0.0,29.0,29.0,win,win
303,matched,exact,exact,True,2016-10-04,2016-10-04,42.273,42.273,0.0,2017-02-09,2017-02-09,0.0,43.472,43.472,0.0,2.84,2.84,0.0,284.0,284.0,win,win
308,matched,exact,exact,True,2009-03-24,2009-03-24,1.028,1.028,0.0,2009-09-01,2009-09-01,0.0,1.129,1.129,0.0,9.91,9.91,0.0,991.0,991.0,win,win
308,matched,exact,exact,True,2009-11-04,2009-11-04,1.314,1.314,0.0,2010-04-29,2010-04-29,0.0,1.439,1.439,0.0,9.55,9.55,0.0,955.0,955.0,win,win
308,matched,exact,exact,True,2012-01-13,2012-01-13,1.04,1.04,0.0,2012-05-17,2012-05-17,0.0,1.060,1.060,0.0,1.96,1.96,0.0,196.0,196.0,win,win
308,matched,exact,exact,True,2012-06-18,2012-06-18,1.144,1.144,0.0,2012-08-02,2012-08-02,0.0,1.091,1.091,0.0,-4.7,-4.7,0.0,-470.0,-470.0,lose,lose
308,matched,exact,exact,True,2012-10-12,2012-10-12,1.115,1.115,0.0,2013-04-08,2013-04-08,0.0,1.123,1.123,0.0,0.7,0.7,0.0,70.0,70.0,win,win
308,matched,exact,exact,True,2013-09-04,2013-09-04,1.193,1.193,0.0,2014-01-21,2014-01-21,0.0,1.201,1.201,0.0,0.67,0.67,0.0,67.0,67.0,win,win
308,matched,exact,exact,True,2014-07-15,2014-07-15,1.347,1.347,0.0,2015-03-11,2015-03-11,0.0,2.160,2.160,0.0,60.34,60.34,0.0,6034.0,6034.0,win,win
308,matched,exact,exact,True,2015-04-08,2015-04-08,2.582,2.582,0.0,2015-07-07,2015-07-07,0.0,2.444,2.444,0.0,-5.35,-5.35,0.0,-535.0,-535.0,lose,lose
308,matched,exact,exact,True,2015-09-22,2015-09-22,2.631,2.631,0.0,2015-12-11,2015-12-11,0.0,2.701,2.701,0.0,2.67,2.67,0.0,267.0,267.0,win,win
308,matched,exact,exact,True,2016-11-29,2016-11-29,2.058,2.058,0.0,2016-12-28,2016-12-28,0.0,1.904,1.904,0.0,-7.46,-7.46,0.0,-746.0,-746.0,lose,lose
308,matched,exact,exact,True,2017-07-21,2017-07-21,2.131,2.131,0.0,2017-12-07,2017-12-07,0.0,2.283,2.283,0.0,7.15,7.15,0.0,715.0,715.0,win,win
308,matched,exact,exact,True,2018-05-15,2018-05-15,2.891,2.891,0.0,2018-07-23,2018-07-23,0.0,2.907,2.907,0.0,0.59,0.59,0.0,59.0,59.0,win,win
322,matched,exact,exact,True,2009-05-05,2009-05-05,5.462,5.462,0.0,2010-05-24,2010-05-24,0.0,8.890,8.890,0.0,62.77,62.77,0.0,6277.0,6277.0,win,win
322,matched,exact,exact,True,2010-09-29,2010-09-29,12.042,12.042,0.0,2010-10-18,2010-10-18,0.0,11.034,11.034,0.0,-8.37,-8.37,0.0,-837.0,-837.0,lose,lose
322,matched,exact,exact,True,2011-03-28,2011-03-28,11.622,11.622,0.0,2011-04-04,2011-04-04,0.0,10.474,10.474,0.0,-9.88,-9.88,0.0,-988.0,-988.0,lose,lose
322,matched,exact,exact,True,2011-05-03,2011-05-03,11.65,11.65,0.0,2011-09-26,2011-09-26,0.0,12.298,12.298,0.0,5.56,5.56,0.0,556.0,556.0,win,win
322,matched,exact,exact,True,2012-03-14,2012-03-14,13.831,13.831,0.0,2012-03-27,2012-03-27,0.0,12.042,12.042,0.0,-12.94,-12.94,0.0,-1294.0,-1294.0,lose,lose
322,matched,exact,exact,True,2012-08-21,2012-08-21,12.403,12.403,0.0,2012-11-23,2012-11-23,0.0,12.403,12.403,0.0,0.0,0.0,0.0,0.0,0.0,even,even
322,matched,exact,exact,True,2013-01-31,2013-01-31,12.98,12.98,0.0,2013-03-19,2013-03-19,0.0,11.249,11.249,0.0,-13.33,-13.33,0.0,-1333.0,-1333.0,lose,lose
322,matched,exact,exact,True,2014-02-28,2014-02-28,12.707,12.707,0.0,2014-05-09,2014-05-09,0.0,12.590,12.590,0.0,-0.92,-0.92,0.0,-92.0,-92.0,lose,lose
322,matched,exact,exact,True,2014-08-14,2014-08-14,13.643,13.643,0.0,2014-09-16,2014-09-16,0.0,12.577,12.577,0.0,-7.81,-7.81,0.0,-781.0,-781.0,lose,lose
322,matched,exact,exact,True,2017-03-24,2017-03-24,5.678,5.678,0.0,2017-06-15,2017-06-15,0.0,5.752,5.752,0.0,1.31,1.31,0.0,131.0,131.0,win,win
322,matched,exact,exact,True,2017-08-01,2017-08-01,6.23,6.23,0.0,2018-08-31,2018-08-31,0.0,8.966,8.966,0.0,43.91,43.91,0.0,4391.0,4391.0,win,win
336,matched,exact,exact,True,2009-03-12,2009-03-12,3.026,3.026,0.0,2009-11-10,2009-11-10,0.0,4.399,4.399,0.0,45.35,45.35,0.0,4535.0,4535.0,win,win
336,matched,exact,exact,True,2009-11-17,2009-11-17,4.606,4.606,0.0,2010-01-22,2010-01-22,0.0,4.227,4.227,0.0,-8.22,-8.22,0.0,-822.0,-822.0,lose,lose
336,matched,exact,exact,True,2010-03-09,2010-03-09,4.614,4.614,0.0,2010-05-19,2010-05-19,0.0,4.609,4.609,0.0,-0.11,-0.11,0.0,-11.0,-11.0,lose,lose
336,matched,exact,exact,True,2011-01-03,2011-01-03,7.005,7.005,0.0,2011-02-11,2011-02-11,0.0,5.450,5.450,0.0,-22.19,-22.19,0.0,-2219.0,-2219.0,lose,lose
336,matched,exact,exact,True,2011-03-24,2011-03-24,6.669,6.669,0.0,2011-06-03,2011-06-03,0.0,5.643,5.643,0.0,-15.38,-15.38,0.0,-1538.0,-1538.0,lose,lose
336,matched,exact,exact,True,2012-12-24,2012-12-24,2.255,2.255,0.0,2013-03-11,2013-03-11,0.0,2.284,2.284,0.0,1.29,1.29,0.0,129.0,129.0,win,win
336,matched,exact,exact,True,2013-10-15,2013-10-15,2.093,2.093,0.0,2014-03-11,2014-03-11,0.0,2.168,2.168,0.0,3.56,3.56,0.0,356.0,356.0,win,win
336,matched,exact,exact,True,2014-06-10,2014-06-10,2.389,2.389,0.0,2015-03-25,2015-03-25,0.0,3.856,3.856,0.0,61.38,61.38,0.0,6138.0,6138.0,win,win
336,matched,exact,exact,True,2016-01-22,2016-01-22,1.998,1.998,0.0,2016-04-05,2016-04-05,0.0,1.972,1.972,0.0,-1.34,-1.34,0.0,-134.0,-134.0,lose,lose
336,matched,exact,exact,True,2016-04-29,2016-04-29,2.039,2.039,0.0,2016-07-07,2016-07-07,0.0,1.858,1.858,0.0,-8.88,-8.88,0.0,-888.0,-888.0,lose,lose
336,matched,exact,exact,True,2016-08-29,2016-08-29,2.039,2.039,0.0,2016-11-04,2016-11-04,0.0,1.891,1.891,0.0,-7.24,-7.24,0.0,-724.0,-724.0,lose,lose
336,matched,exact,exact,True,2016-11-18,2016-11-18,2.032,2.032,0.0,2017-09-13,2017-09-13,0.0,3.179,3.179,0.0,56.45,56.45,0.0,5645.0,5645.0,win,win
336,matched,exact,exact,True,2018-01-04,2018-01-04,3.747,3.747,0.0,2018-03-16,2018-03-16,0.0,3.862,3.862,0.0,3.08,3.08,0.0,308.0,308.0,win,win
336,matched,exact,exact,True,2018-06-01,2018-06-01,3.732,3.732,0.0,2018-07-11,2018-07-11,0.0,3.271,3.271,0.0,-12.36,-12.36,0.0,-1236.0,-1236.0,lose,lose
347,matched,exact,exact,True,2009-03-24,2009-03-24,5.003,5.003,0.0,2009-11-23,2009-11-23,0.0,9.110,9.110,0.0,82.09,82.09,0.0,8209.0,8209.0,win,win
347,matched,exact,exact,True,2010-01-06,2010-01-06,10.629,10.629,0.0,2010-01-19,2010-01-19,0.0,9.134,9.134,0.0,-14.07,-14.07,0.0,-1407.0,-1407.0,lose,lose
347,matched,exact,exact,True,2010-10-14,2010-10-14,8.181,8.181,0.0,2010-11-16,2010-11-16,0.0,7.194,7.194,0.0,-12.07,-12.07,0.0,-1207.0,-1207.0,lose,lose
347,matched,exact,exact,True,2011-01-05,2011-01-05,7.405,7.405,0.0,2011-01-25,2011-01-25,0.0,6.630,6.630,0.0,-10.48,-10.48,0.0,-1048.0,-1048.0,lose,lose
347,matched,exact,exact,True,2012-01-18,2012-01-18,3.797,3.797,0.0,2012-03-07,2012-03-07,0.0,2.990,2.990,0.0,-21.26,-21.26,0.0,-2126.0,-2126.0,lose,lose
347,matched,exact,exact,True,2013-05-09,2013-05-09,3.02,3.02,0.0,2013-06-03,2013-06-03,0.0,2.524,2.524,0.0,-16.44,-16.44,0.0,-1644.0,-1644.0,lose,lose
347,matched,exact,exact,True,2013-11-19,2013-11-19,3.157,3.157,0.0,2014-01-27,2014-01-27,0.0,2.984,2.984,0.0,-5.49,-5.49,0.0,-549.0,-549.0,lose,lose
347,matched,exact,exact,True,2014-04-04,2014-04-04,3.122,3.122,0.0,2014-05-08,2014-05-08,0.0,2.793,2.793,0.0,-10.54,-10.54,0.0,-1054.0,-1054.0,lose,lose
347,matched,exact,exact,True,2014-06-17,2014-06-17,2.91,2.91,0.0,2014-09-29,2014-09-29,0.0,2.910,2.910,0.0,-0.0,-0.0,0.0,-0.0,-0.0,even,even
347,matched,exact,exact,True,2016-07-05,2016-07-05,2.304,2.304,0.0,2016-09-14,2016-09-14,0.0,2.359,2.359,0.0,2.37,2.37,0.0,237.0,237.0,win,win
347,matched,exact,exact,True,2016-09-22,2016-09-22,2.547,2.547,0.0,2017-05-19,2017-05-19,0.0,2.949,2.949,0.0,15.75,15.75,0.0,1575.0,1575.0,win,win
347,matched,exact,exact,True,2017-06-15,2017-06-15,3.265,3.265,0.0,2018-03-23,2018-03-23,0.0,4.443,4.443,0.0,36.11,36.11,0.0,3611.0,3611.0,win,win
347,matched,exact,exact,True,2018-06-05,2018-06-05,5.202,5.202,0.0,2018-06-28,2018-06-28,0.0,4.433,4.433,0.0,-14.8,-14.8,0.0,-1480.0,-1480.0,lose,lose
347,matched,exact,exact,True,2018-07-30,2018-07-30,5.282,5.282,0.0,2018-09-11,2018-09-11,0.0,4.618,4.618,0.0,-12.58,-12.58,0.0,-1258.0,-1258.0,lose,lose
354,matched,exact,exact,True,2009-04-03,2009-04-03,0.552,0.552,0.0,2009-10-02,2009-10-02,0.0,0.655,0.655,0.0,18.64,18.64,0.0,1864.0,1864.0,win,win
354,matched,exact,exact,True,2009-12-07,2009-12-07,0.842,0.842,0.0,2010-08-13,2010-08-13,0.0,1.609,1.609,0.0,91.11,91.11,0.0,9111.0,9111.0,win,win
354,matched,exact,exact,True,2011-03-14,2011-03-14,1.88,1.88,0.0,2011-05-24,2011-05-24,0.0,1.759,1.759,0.0,-6.47,-6.47,0.0,-647.0,-647.0,lose,lose
354,matched,exact,exact,True,2011-11-04,2011-11-04,2.236,2.236,0.0,2012-01-12,2012-01-12,0.0,2.133,2.133,0.0,-4.6,-4.6,0.0,-460.0,-460.0,lose,lose
354,matched,exact,exact,True,2012-02-16,2012-02-16,2.301,2.301,0.0,2012-04-12,2012-04-12,0.0,2.011,2.011,0.0,-12.6,-12.6,0.0,-1260.0,-1260.0,lose,lose
354,matched,exact,exact,True,2013-04-12,2013-04-12,1.665,1.665,0.0,2013-09-26,2013-09-26,0.0,2.002,2.002,0.0,20.22,20.22,0.0,2022.0,2022.0,win,win
354,matched,exact,exact,True,2013-10-22,2013-10-22,2.358,2.358,0.0,2013-11-28,2013-11-28,0.0,2.021,2.021,0.0,-14.29,-14.29,0.0,-1429.0,-1429.0,lose,lose
354,matched,exact,exact,True,2014-01-13,2014-01-13,2.114,2.114,0.0,2014-04-29,2014-04-29,0.0,2.161,2.161,0.0,2.21,2.21,0.0,221.0,221.0,win,win
354,matched,exact,exact,True,2014-07-30,2014-07-30,2.432,2.432,0.0,2014-10-10,2014-10-10,0.0,2.479,2.479,0.0,1.92,1.92,0.0,192.0,192.0,win,win
354,matched,exact,exact,True,2015-03-17,2015-03-17,2.657,2.657,0.0,2015-04-10,2015-04-10,0.0,4.116,4.116,0.0,54.93,54.93,0.0,5493.0,5493.0,win,win
354,matched,exact,exact,True,2015-09-22,2015-09-22,2.947,2.947,0.0,2015-12-14,2015-12-14,0.0,2.881,2.881,0.0,-2.22,-2.22,0.0,-222.0,-222.0,lose,lose
354,matched,exact,exact,True,2016-04-18,2016-04-18,2.788,2.788,0.0,2016-06-27,2016-06-27,0.0,2.713,2.713,0.0,-2.68,-2.68,0.0,-268.0,-268.0,lose,lose
354,matched,exact,exact,True,2016-07-29,2016-07-29,2.994,2.994,0.0,2017-08-16,2017-08-16,0.0,3.940,3.940,0.0,31.62,31.62,0.0,3162.0,3162.0,win,win
354,matched,exact,exact,True,2017-09-05,2017-09-05,4.241,4.241,0.0,2017-11-10,2017-11-10,0.0,4.259,4.259,0.0,0.44,0.44,0.0,44.0,44.0,win,win
363,matched,exact,exact,True,2009-03-25,2009-03-25,8.058,8.058,0.0,2009-11-19,2009-11-19,0.0,14.601,14.601,0.0,81.2,81.2,0.0,8120.0,8120.0,win,win
363,matched,exact,exact,True,2009-12-03,2009-12-03,15.869,15.869,0.0,2010-02-01,2010-02-01,0.0,13.795,13.795,0.0,-13.08,-13.08,0.0,-1308.0,-1308.0,lose,lose
363,matched,exact,exact,True,2010-08-30,2010-08-30,14.986,14.986,0.0,2010-11-04,2010-11-04,0.0,14.776,14.776,0.0,-1.4,-1.4,0.0,-140.0,-140.0,lose,lose
363,matched,exact,exact,True,2012-01-17,2012-01-17,9.701,9.701,0.0,2012-04-03,2012-04-03,0.0,9.887,9.887,0.0,1.91,1.91,0.0,191.0,191.0,win,win
363,matched,exact,exact,True,2012-04-27,2012-04-27,10.775,10.775,0.0,2012-05-14,2012-05-14,0.0,9.908,9.908,0.0,-8.05,-8.05,0.0,-805.0,-805.0,lose,lose
363,matched,exact,exact,True,2012-08-08,2012-08-08,9.348,9.348,0.0,2013-04-19,2013-04-19,0.0,10.101,10.101,0.0,8.06,8.06,0.0,806.0,806.0,win,win
363,matched,exact,exact,True,2013-08-16,2013-08-16,11.041,11.041,0.0,2014-02-12,2014-02-12,0.0,11.711,11.711,0.0,6.07,6.07,0.0,607.0,607.0,win,win
363,matched,exact,exact,True,2014-07-17,2014-07-17,11.403,11.403,0.0,2014-09-22,2014-09-22,0.0,11.330,11.330,0.0,-0.64,-0.64,0.0,-64.0,-64.0,lose,lose
363,matched,exact,exact,True,2014-11-27,2014-11-27,11.4,11.4,0.0,2014-12-16,2014-12-16,0.0,10.653,10.653,0.0,-6.56,-6.56,0.0,-656.0,-656.0,lose,lose
363,matched,exact,exact,True,2015-03-31,2015-03-31,11.447,11.447,0.0,2015-07-07,2015-07-07,0.0,11.196,11.196,0.0,-2.19,-2.19,0.0,-219.0,-219.0,lose,lose
363,matched,exact,exact,True,2016-06-23,2016-06-23,8.719,8.719,0.0,2017-02-17,2017-02-17,0.0,11.364,11.364,0.0,30.33,30.33,0.0,3033.0,3033.0,win,win
363,matched,exact,exact,True,2017-03-16,2017-03-16,11.669,11.669,0.0,2017-06-16,2017-06-16,0.0,11.868,11.868,0.0,1.71,1.71,0.0,171.0,171.0,win,win
363,matched,exact,exact,True,2017-08-31,2017-08-31,12.049,12.049,0.0,2017-11-09,2017-11-09,0.0,12.257,12.257,0.0,1.73,1.73,0.0,173.0,173.0,win,win
388,matched,exact,exact,True,2009-03-24,2009-03-24,45.434,45.434,0.0,2009-11-30,2009-11-30,0.0,90.388,90.388,0.0,98.95,98.95,0.0,9895.0,9895.0,win,win
388,matched,exact,exact,True,2010-01-07,2010-01-07,98.342,98.342,0.0,2010-01-26,2010-01-26,0.0,88.811,88.811,0.0,-9.69,-9.69,0.0,-969.0,-969.0,lose,lose
388,matched,exact,exact,True,2011-04-06,2011-04-06,122.99,122.99,0.0,2011-06-16,2011-06-16,0.0,111.880,111.880,0.0,-9.03,-9.03,0.0,-903.0,-903.0,lose,lose
388,matched,exact,exact,True,2012-01-27,2012-01-27,92.992,92.992,0.0,2012-04-02,2012-04-02,0.0,91.877,91.877,0.0,-1.2,-1.2,0.0,-120.0,-120.0,lose,lose
388,matched,exact,exact,True,2012-08-20,2012-08-20,77.543,77.543,0.0,2013-05-16,2013-05-16,0.0,95.193,95.193,0.0,22.76,22.76,0.0,2276.0,2276.0,win,win
388,matched,exact,exact,True,2013-09-16,2013-09-16,95.211,95.211,0.0,2013-12-20,2013-12-20,0.0,95.285,95.285,0.0,0.08,0.08,0.0,8.0,8.0,win,win
388,matched,exact,exact,True,2014-04-03,2014-04-03,93.141,93.141,0.0,2015-03-11,2015-03-11,0.0,131.857,131.857,0.0,41.57,41.57,0.0,4157.0,4157.0,win,win
388,matched,exact,exact,True,2015-03-24,2015-03-24,137.977,137.977,0.0,2015-04-20,2015-04-20,0.0,217.620,217.620,0.0,57.72,57.72,0.0,5772.0,5772.0,win,win
388,matched,exact,exact,True,2015-10-13,2015-10-13,153.356,153.356,0.0,2015-12-17,2015-12-17,0.0,154.905,154.905,0.0,1.01,1.01,0.0,101.0,101.0,win,win
388,matched,exact,exact,True,2016-06-07,2016-06-07,151.701,151.701,0.0,2016-08-18,2016-08-18,0.0,151.308,151.308,0.0,-0.26,-0.26,0.0,-26.0,-26.0,lose,lose
388,matched,exact,exact,True,2016-09-12,2016-09-12,162.376,162.376,0.0,2016-11-18,2016-11-18,0.0,161.422,161.422,0.0,-0.59,-0.59,0.0,-59.0,-59.0,lose,lose
388,matched,exact,exact,True,2017-06-05,2017-06-05,165.387,165.387,0.0,2018-05-18,2018-05-18,0.0,213.927,213.927,0.0,29.35,29.35,0.0,2935.0,2935.0,win,win
388,matched,exact,new_open,True,2019-01-29,2019-01-29,204.073,204.073,0.0,,,,Open position,Open position,,14.18,14.18,0.0,1418.0,1418.0,win,win
390,matched,exact,exact,True,2009-03-24,2009-03-24,3.001,3.001,0.0,2009-11-25,2009-11-25,0.0,3.830,3.830,0.0,27.62,27.62,0.0,2762.0,2762.0,win,win
390,matched,exact,exact,True,2010-10-25,2010-10-25,4.08,4.08,0.0,2010-11-15,2010-11-15,0.0,3.669,3.669,0.0,-10.08,-10.08,0.0,-1008.0,-1008.0,lose,lose
390,matched,exact,exact,True,2012-02-01,2012-02-01,1.731,1.731,0.0,2012-04-12,2012-04-12,0.0,1.749,1.749,0.0,1.08,1.08,0.0,108.0,108.0,win,win
390,matched,exact,exact,True,2012-04-19,2012-04-19,1.918,1.918,0.0,2012-05-14,2012-05-14,0.0,1.674,1.674,0.0,-12.7,-12.7,0.0,-1270.0,-1270.0,lose,lose
390,matched,exact,exact,True,2012-09-14,2012-09-14,2.175,2.175,0.0,2013-04-05,2013-04-05,0.0,2.397,2.397,0.0,10.23,10.23,0.0,1023.0,1023.0,win,win
390,matched,exact,exact,True,2013-05-09,2013-05-09,2.734,2.734,0.0,2013-06-14,2013-06-14,0.0,2.366,2.366,0.0,-13.49,-13.49,0.0,-1349.0,-1349.0,lose,lose
390,matched,exact,exact,True,2013-11-19,2013-11-19,2.997,2.997,0.0,2013-12-18,2013-12-18,0.0,2.661,2.661,0.0,-11.21,-11.21,0.0,-1121.0,-1121.0,lose,lose
390,matched,exact,exact,True,2014-07-08,2014-07-08,2.603,2.603,0.0,2015-04-17,2015-04-17,0.0,7.434,7.434,0.0,185.63,185.63,0.0,18563.0,18563.0,win,win
390,matched,exact,exact,True,2015-10-22,2015-10-22,5.037,5.037,0.0,2015-12-01,2015-12-01,0.0,4.352,4.352,0.0,-13.59,-13.59,0.0,-1359.0,-1359.0,lose,lose
390,matched,exact,exact,True,2016-06-08,2016-06-08,4.08,4.08,0.0,2016-08-18,2016-08-18,0.0,4.124,4.124,0.0,1.08,1.08,0.0,108.0,108.0,win,win
390,matched,exact,exact,True,2016-10-19,2016-10-19,4.083,4.083,0.0,2017-05-24,2017-05-24,0.0,4.340,4.340,0.0,6.29,6.29,0.0,629.0,629.0,win,win
390,matched,exact,exact,True,2017-09-12,2017-09-12,4.499,4.499,0.0,2017-11-10,2017-11-10,0.0,4.169,4.169,0.0,-7.33,-7.33,0.0,-733.0,-733.0,lose,lose
390,matched,exact,new_open,True,2019-02-21,2019-02-21,5.437,5.437,0.0,,,,Open position,Open position,,2.85,2.85,0.0,285.0,285.0,win,win
425,matched,exact,exact,True,2009-03-16,2009-03-16,2.25,2.25,0.0,2010-05-24,2010-05-24,0.0,6.341,6.341,0.0,181.84,181.84,0.0,18184.0,18184.0,win,win
425,matched,exact,exact,True,2010-07-16,2010-07-16,7.296,7.296,0.0,2011-01-06,2011-01-06,0.0,8.285,8.285,0.0,13.56,13.56,0.0,1356.0,1356.0,win,win
425,matched,exact,exact,True,2011-06-30,2011-06-30,8.444,8.444,0.0,2011-08-09,2011-08-09,0.0,6.861,6.861,0.0,-18.75,-18.75,0.0,-1875.0,-1875.0,lose,lose
425,matched,exact,exact,True,2012-01-13,2012-01-13,6.045,6.045,0.0,2012-03-22,2012-03-22,0.0,6.129,6.129,0.0,1.4,1.4,0.0,140.0,140.0,win,win
425,matched,exact,exact,True,2012-04-30,2012-04-30,6.741,6.741,0.0,2012-07-05,2012-07-05,0.0,6.087,6.087,0.0,-9.71,-9.71,0.0,-971.0,-971.0,lose,lose
425,matched,exact,exact,True,2012-08-28,2012-08-28,6.167,6.167,0.0,2012-10-04,2012-10-04,0.0,5.558,5.558,0.0,-9.87,-9.87,0.0,-987.0,-987.0,lose,lose
425,matched,exact,exact,True,2013-09-23,2013-09-23,11.163,11.163,0.0,2014-01-07,2014-01-07,0.0,11.536,11.536,0.0,3.34,3.34,0.0,334.0,334.0,win,win
425,matched,exact,exact,True,2014-04-01,2014-04-01,11.685,11.685,0.0,2014-04-15,2014-04-15,0.0,8.880,8.880,0.0,-24.01,-24.01,0.0,-2401.0,-2401.0,lose,lose
425,matched,exact,exact,True,2014-08-26,2014-08-26,12.417,12.417,0.0,2014-11-03,2014-11-03,0.0,11.552,11.552,0.0,-6.97,-6.97,0.0,-697.0,-697.0,lose,lose
425,matched,exact,exact,True,2014-11-27,2014-11-27,12.216,12.216,0.0,2015-02-10,2015-02-10,0.0,12.355,12.355,0.0,1.14,1.14,0.0,114.0,114.0,win,win
425,matched,exact,exact,True,2016-03-07,2016-03-07,12.269,12.269,0.0,2016-12-14,2016-12-14,0.0,19.527,19.527,0.0,59.15,59.15,0.0,5915.0,5915.0,win,win
425,matched,exact,exact,True,2017-01-12,2017-01-12,21.073,21.073,0.0,2018-02-07,2018-02-07,0.0,34.097,34.097,0.0,61.81,61.81,0.0,6181.0,6181.0,win,win
467,matched,exact,exact,True,2009-04-06,2009-04-06,0.184,0.184,0.0,2009-04-08,2009-04-08,0.0,0.158,0.158,0.0,-13.75,-13.75,0.0,-1375.0,-1375.0,lose,lose
467,matched,exact,exact,True,2009-04-16,2009-04-16,0.179,0.179,0.0,2009-04-28,2009-04-28,0.0,0.156,0.156,0.0,-12.82,-12.82,0.0,-1282.0,-1282.0,lose,lose
467,matched,exact,exact,True,2009-05-07,2009-05-07,0.197,0.197,0.0,2009-08-19,2009-08-19,0.0,0.229,0.229,0.0,16.28,16.28,0.0,1628.0,1628.0,win,win
467,matched,exact,exact,True,2009-12-02,2009-12-02,0.213,0.213,0.0,2010-03-22,2010-03-22,0.0,0.234,0.234,0.0,9.68,9.68,0.0,968.0,968.0,win,win
467,matched,exact,exact,True,2010-06-17,2010-06-17,0.248,0.248,0.0,2011-04-14,2011-04-14,0.0,0.578,0.578,0.0,133.33,133.33,0.0,13333.0,13333.0,win,win
467,matched,exact,exact,True,2011-05-24,2011-05-24,0.587,0.587,0.0,2011-07-21,2011-07-21,0.0,0.477,0.477,0.0,-18.75,-18.75,0.0,-1875.0,-1875.0,lose,lose
467,matched,exact,exact,True,2011-12-22,2011-12-22,0.555,0.555,0.0,2012-06-01,2012-06-01,0.0,0.546,0.546,0.0,-1.65,-1.65,0.0,-165.0,-165.0,lose,lose
467,matched,exact,exact,True,2012-09-20,2012-09-20,0.551,0.551,0.0,2013-02-21,2013-02-21,0.0,0.574,0.574,0.0,4.17,4.17,0.0,417.0,417.0,win,win
467,matched,exact,exact,True,2014-02-10,2014-02-10,0.555,0.555,0.0,2014-04-17,2014-04-17,0.0,0.560,0.560,0.0,0.83,0.83,0.0,83.0,83.0,win,win
467,matched,exact,exact,True,2017-02-02,2017-02-02,0.27,0.27,0.0,2017-03-22,2017-03-22,0.0,0.210,0.210,0.0,-21.98,-21.98,0.0,-2198.0,-2198.0,lose,lose
467,matched,exact,exact,True,2017-08-24,2017-08-24,0.181,0.181,0.0,2018-12-24,2018-12-24,0.0,0.789,0.789,0.0,336.62,336.62,0.0,33662.0,33662.0,win,win
467,matched,exact,new_open,True,2019-02-11,2019-02-11,0.898,0.898,0.0,,,,Open position,Open position,,-1.51,-1.51,0.0,-151.0,-151.0,lose,lose
522,matched,exact,exact,True,2009-07-16,2009-07-16,29.55,29.55,0.0,2010-05-26,2010-05-26,0.0,35.368,35.368,0.0,19.69,19.69,0.0,1969.0,1969.0,win,win
522,matched,exact,exact,True,2010-09-28,2010-09-28,45.101,45.101,0.0,2011-08-08,2011-08-08,0.0,49.201,49.201,0.0,9.09,9.09,0.0,909.0,909.0,win,win
522,matched,exact,exact,True,2011-12-08,2011-12-08,61.888,61.888,0.0,2012-06-04,2012-06-04,0.0,64.319,64.319,0.0,3.93,3.93,0.0,393.0,393.0,win,win
522,matched,exact,exact,True,2012-07-04,2012-07-04,71.83,71.83,0.0,2012-08-09,2012-08-09,0.0,63.935,63.935,0.0,-10.99,-10.99,0.0,-1099.0,-1099.0,lose,lose
522,matched,exact,exact,True,2012-12-21,2012-12-21,65.866,65.866,0.0,2013-03-15,2013-03-15,0.0,61.785,61.785,0.0,-6.2,-6.2,0.0,-620.0,-620.0,lose,lose
522,matched,exact,exact,True,2014-04-22,2014-04-22,58.557,58.557,0.0,2014-07-10,2014-07-10,0.0,60.575,60.575,0.0,3.45,3.45,0.0,345.0,345.0,win,win
522,matched,exact,exact,True,2014-10-31,2014-10-31,61.248,61.248,0.0,2014-12-10,2014-12-10,0.0,53.321,53.321,0.0,-12.94,-12.94,0.0,-1294.0,-1294.0,lose,lose
522,matched,exact,exact,True,2015-02-24,2015-02-24,55.591,55.591,0.0,2015-06-10,2015-06-10,0.0,56.188,56.188,0.0,1.07,1.07,0.0,107.0,107.0,win,win
522,matched,exact,exact,True,2016-06-10,2016-06-10,44.488,44.488,0.0,2016-08-24,2016-08-24,0.0,46.215,46.215,0.0,3.88,3.88,0.0,388.0,388.0,win,win
522,matched,exact,exact,True,2016-09-23,2016-09-23,49.094,49.094,0.0,2017-08-02,2017-08-02,0.0,76.068,76.068,0.0,54.94,54.94,0.0,5494.0,5494.0,win,win
522,matched,exact,exact,True,2018-06-07,2018-06-07,85.347,85.347,0.0,2018-07-06,2018-07-06,0.0,76.413,76.413,0.0,-10.47,-10.47,0.0,-1047.0,-1047.0,lose,lose
